,position_on_page,title,link,published_date,views,length,description,extensions,channel.name,channel.link,channel.verified,channel.thumbnail,thumbnail.static,thumbnail.rich
0,2,SQL Tutorial - Full Database Course for Beginners,https://www.youtube.com/watch?v=HXV3zeQKqGY,3 years ago,8705669.0,4:20:39,"The course is designed for beginners to SQL and database management systems, and will introduce common database¬†...",['CC'],freeCodeCamp.org,https://www.youtube.com/channel/UC8butISFwT-Wl7EV0hUK0BQ,True,https://yt3.ggpht.com/ytc/AKedOLTtJvQ1Vfew91vemeLaLdhjOwGx3tTBLlreK_QUyA=s68-c-k-c0x00ffffff-no-rj,https://i.ytimg.com/vi/HXV3zeQKqGY/hq720.jpg?sqp=-oaymwEcCOgCEMoBSFXyq4qpAw4IARUAAIhCGAFwAcABBg==&rs=AOn4CLDqd2jbSFzyQDvmezQaU6AtvYTDZw,
1,3,What is SQL? [in 4 minutes for beginners],https://www.youtube.com/watch?v=27axs9dO7AE,2 years ago,1023883.0,4:26,"Structured Query Language - or SQL, is a language that communicates with databases. Learn what SQL is, and why it is an¬†...",['CC'],Danielle Th√©,https://www.youtube.com/user/TheDanslo,,https://yt3.ggpht.com/ytc/AKedOLQSJz8qFWIg80KQ6Jwz7RyO6BkD_rn9O4pwY-q5xoE=s68-c-k-c0x00ffffff-no-rj,https://i.ytimg.com/vi/27axs9dO7AE/hq720.jpg?sqp=-oaymwEcCOgCEMoBSFXyq4qpAw4IARUAAIhCGAFwAcABBg==&rs=AOn4CLAGHjEpyr4yFQbivKmx8aSxvWKabA,https://i.ytimg.com/an_webp/27axs9dO7AE/mqdefault_6s.webp?du=3000&sqp=CM3Ow4wG&rs=AOn4CLA1F5sL0TVne_tnaU7pWuNVVrsB6w
2,4,Learn Basic SQL in 15 Minutes | Business Intelligence For Beginners | SQL Tutorial For Beginners,https://www.youtube.com/watch?v=kbKty5ZVKMY,1 year ago,276298.0,17:40,In this SQL tutorial for beginners you'll learn how to write basic SQL queries to ask for data from databases in just 15 minutes.,['CC'],Vitamin Business Intelligence,https://www.youtube.com/channel/UC1bhYMFuSFREIQ5bgclLDkQ,,https://yt3.ggpht.com/ytc/AKedOLSzdp-oJz5vpnYIBwlzC04oBFF46HBmgj92bM6U=s68-c-k-c0x00ffffff-no-rj,https://i.ytimg.com/vi/kbKty5ZVKMY/hq720.jpg?sqp=-oaymwEcCOgCEMoBSFXyq4qpAw4IARUAAIhCGAFwAcABBg==&rs=AOn4CLD4hVVUoOXUgLBVnKlm-OgpzV5NDA,https://i.ytimg.com/an_webp/kbKty5ZVKMY/mqdefault_6s.webp?du=3000&sqp=CPL4w4wG&rs=AOn4CLBsiIoyahqt-IE-oOfYP5ChG48pow
3,5,MySQL Tutorial for Beginners [Full Course],https://www.youtube.com/watch?v=7S_tz1z_5bA,2 years ago,5032440.0,3:10:19,‚≠êÔ∏èWant to learn more from me? Check out these links: Courses: https://codewithmosh.com Twitter:¬†...,['CC'],Programming with Mosh,https://www.youtube.com/user/programmingwithmosh,True,https://yt3.ggpht.com/tBEPr-zTNXEeae7VZKSZYfiy6azzs9OHowq5ZvogJeHoVtKtEw2PXSwzMBKVR7W0MI7gyND8=s68-c-k-c0x00ffffff-no-rj,https://i.ytimg.com/vi/7S_tz1z_5bA/hq720.jpg?sqp=-oaymwEcCOgCEMoBSFXyq4qpAw4IARUAAIhCGAFwAcABBg==&rs=AOn4CLDlohTYZhQDSWG32v6EfxEUlv6wqA,https://i.ytimg.com/an_webp/7S_tz1z_5bA/mqdefault_6s.webp?du=3000&sqp=CIDsw4wG&rs=AOn4CLCP4hYEpKlRSvvo9iT0e4cVH50jhw
4,6,Learn SQL In 60 Minutes,https://www.youtube.com/watch?v=p3qvj9hO_Bo,2 years ago,532553.0,56:24,"In this video we will cover everything you need to know about SQL in only 60 minutes. We will cover what SQL is, why SQL is¬†...",,Web Dev Simplified,https://www.youtube.com/channel/UCFbNIlppjAuEX4znoulh0Cw,True,https://yt3.ggpht.com/ytc/AKedOLQpvSjzSCSo8ZKCjBZS7TRX7omb_kyQirh2zgEY=s68-c-k-c0x00ffffff-no-rj,https://i.ytimg.com/vi/p3qvj9hO_Bo/hq720.jpg?sqp=-oaymwEcCOgCEMoBSFXyq4qpAw4IARUAAIhCGAFwAcABBg==&rs=AOn4CLBTCqYgaYKtdF6s9idh6k_EcM4zxg,https://i.ytimg.com/an_webp/p3qvj9hO_Bo/mqdefault_6s.webp?du=3000&sqp=CJ75w4wG&rs=AOn4CLAIixgbHz7P2R3j4BzvzuOHWzi0RA
5,7,Learn SQL in 1 Hour - SQL Basics for Beginners,https://www.youtube.com/watch?v=9Pzj7Aj25lw,4 years ago,2771033.0,1:02:23,A crash course in SQL. How to write SQL from scratch in 1 hour. In this video I show you how to write SQL using SQL Server and¬†...,,Joey Blue,https://www.youtube.com/user/SqlTrainingOnline,,https://yt3.ggpht.com/ytc/AKedOLQMmwMu4j3eGRbheFUAG4GZ0MWnH9h5pXz9gGtNWg=s68-c-k-c0x00ffffff-no-rj,https://i.ytimg.com/vi/9Pzj7Aj25lw/hq720.jpg?sqp=-oaymwEcCOgCEMoBSFXyq4qpAw4IARUAAIhCGAFwAcABBg==&rs=AOn4CLAp6KCxUO6kEOuxuDIYOrzNdRrFtg,
6,8,"MySQL IN 10 MINUTES | Introduction to Databases, SQL, & MySQL",https://www.youtube.com/watch?v=2bW3HuaAUcY,2 years ago,285063.0,11:30,"This tutorial provides and introduction to Databases, SQL and the open source relational database- MySQL. Video Timestamps:¬†...",['CC'],365 Data Science,https://www.youtube.com/channel/UCEBpSZhI1X8WaP-kY_2LLcg,True,https://yt3.ggpht.com/LY2g2Zg4GSS0IhUUhBR-_zWrv7W_R0KlulydrFM9YejEM-ac6L7QN2lrC0kqi0rdHNQtESya6g=s68-c-k-c0x00ffffff-no-rj,https://i.ytimg.com/vi/2bW3HuaAUcY/hq720.jpg?sqp=-oaymwEcCOgCEMoBSFXyq4qpAw4IARUAAIhCGAFwAcABBg==&rs=AOn4CLDCp0CEKoOF-BBiE5J3Y0FbFKgwSA,https://i.ytimg.com/an_webp/2bW3HuaAUcY/mqdefault_6s.webp?du=3000&sqp=CODkw4wG&rs=AOn4CLA7qpXk_I3wmQJPkefvbbMi9-titQ
7,9,CS50 2020 - Lecture 7 - SQL,https://www.youtube.com/watch?v=Wb0DM9I8RDo,8 months ago,89696.0,2:37:20,TABLE OF CONTENTS 00:00:00 - Introduction 00:00:49 - Data 00:01:34 - Spreadsheets 00:08:50 - Flat-File Databases 00:10:53¬†...,"['4K', 'CC']",CS50,https://www.youtube.com/user/cs50tv,True,https://yt3.ggpht.com/ytc/AKedOLTZloGQkLBOEhaQ7mR-DLvcslyP1bq4EIcIXPqNMA=s68-c-k-c0x00ffffff-no-rj,https://i.ytimg.com/vi/Wb0DM9I8RDo/hq720.jpg?sqp=-oaymwEcCOgCEMoBSFXyq4qpAw4IARUAAIhCGAFwAcABBg==&rs=AOn4CLC1WHEWj-mXiTHT1Y6IvGAaNXfXUg,https://i.ytimg.com/an_webp/Wb0DM9I8RDo/mqdefault_6s.webp?du=3000&sqp=CIzaw4wG&rs=AOn4CLAeSKgIgrfm6spxD1_r-bjtLT1FSg
8,10,SQL Explained in 100 Seconds,https://www.youtube.com/watch?v=zsjvFFKOm3c,7 months ago,104040.0,2:23,"Learn the fundamentals of Structured Query Language SQL! Even though it's over 40 years old, the world's most popular¬†...",['4K'],Fireship,https://www.youtube.com/channel/UCsBjURrPoezykLs9EqgamOA,True,https://yt3.ggpht.com/ytc/AKedOLTcIl6kKt3lEPJEySUf_hpHiKDKiFeo9eWPReLysQ=s68-c-k-c0x00ffffff-no-rj,https://i.ytimg.com/vi/zsjvFFKOm3c/hq720.jpg?sqp=-oaymwEcCOgCEMoBSFXyq4qpAw4IARUAAIhCGAFwAcABBg==&rs=AOn4CLCjYKKg0u5_vydxeUzPQkVs9TpwAg,https://i.ytimg.com/an_webp/zsjvFFKOm3c/mqdefault_6s.webp?du=3000&sqp=CLfNw4wG&rs=AOn4CLBTw1Q1up_iPF2yTxs0LPbA56FcTA
9,11,SQL Full Course | SQL Tutorial For Beginners | üî•Learn SQL In 8 Hours | SQL Training | Simplilearn,https://www.youtube.com/watch?v=AA7i2GcTGwU,Streamed 4 months ago,164146.0,8:02:36,"This SQL full course video covers everything to master structure query language using MySQL, PostgreSQL as well as SQL server¬†...",,Simplilearn,https://www.youtube.com/user/Simplilearn,True,https://yt3.ggpht.com/ytc/AKedOLTaNnIZrEVNHk-OgfTRlO1n2aeAZ657f5FrG-5EaA=s68-c-k-c0x00ffffff-no-rj,https://i.ytimg.com/vi/AA7i2GcTGwU/hq720.jpg?sqp=-oaymwEcCOgCEMoBSFXyq4qpAw4IARUAAIhCGAFwAcABBg==&rs=AOn4CLCaU7jOTlvYw3zNDMWhFyiVoZ5isw,https://i.ytimg.com/an_webp/AA7i2GcTGwU/mqdefault_6s.webp?du=3000&sqp=CKvew4wG&rs=AOn4CLDVJxJSu8uh9KS7GlrTeKGO6P3xrw
10,12,SQL Full Course | SQL Tutorial For Beginners | Learn SQL (Structured Query Language) | Edureka,https://www.youtube.com/watch?v=BPHAr4QGGVE,2 years ago,1253650.0,4:07:51,***Database Commands*** 17:03 Create Database Objects 25:04 Alter Table Statements 30:47 Drop Table Statements 32:05¬†...,['CC'],edureka!,https://www.youtube.com/user/edurekaIN,True,https://yt3.ggpht.com/ytc/AKedOLTyvoU_YW3YmDgIXlJ8JpzFnNoZPVvQk9xFxfMkzQ=s68-c-k-c0x00ffffff-no-rj,https://i.ytimg.com/vi/BPHAr4QGGVE/hq720.jpg?sqp=-oaymwEcCOgCEMoBSFXyq4qpAw4IARUAAIhCGAFwAcABBg==&rs=AOn4CLCCCL7rAP-doQRXNXDllpXZ6ezHqg,
11,13,SQL Course | SQL Training | SQL Tutorial For Beginners | Intellipaat,https://www.youtube.com/watch?v=LGTbdjoEBVM,Streamed 10 months ago,306946.0,5:17:55,"In this live session on the SQL course, firstly we will introduce you to what is a database, DBMS and later on, we will teach you¬†...",,Intellipaat,https://www.youtube.com/user/intellipaaat,,https://yt3.ggpht.com/ytc/AKedOLS6b8799EKUAXsDl9MW2Er4x07qWinXpeKgfuTMLrk=s68-c-k-c0x00ffffff-no-rj,https://i.ytimg.com/vi/LGTbdjoEBVM/hq720.jpg?sqp=-oaymwEcCOgCEMoBSFXyq4qpAw4IARUAAIhCGAFwAcABBg==&rs=AOn4CLAxmAMi5ho-NDiSnv2A2n2pxQ7Pgw,
12,16,SQL Basics for Beginners | Learn SQL | SQL Tutorial for Beginners | Edureka,https://www.youtube.com/watch?v=zbMHLJ0dY4w,2 years ago,1101483.0,27:51,------------------------------------- To subscribe to our channel and hit the bell icon to never miss an update from us in the future:¬†...,,edureka!,https://www.youtube.com/user/edurekaIN,True,https://yt3.ggpht.com/ytc/AKedOLTyvoU_YW3YmDgIXlJ8JpzFnNoZPVvQk9xFxfMkzQ=s68-c-k-c0x00ffffff-no-rj,https://i.ytimg.com/vi/zbMHLJ0dY4w/hq720.jpg?sqp=-oaymwEcCOgCEMoBSFXyq4qpAw4IARUAAIhCGAFwAcABBg==&rs=AOn4CLBz6q3GAtigrHvDeRayf73PBNHxeQ,https://i.ytimg.com/an_webp/zbMHLJ0dY4w/mqdefault_6s.webp?du=3000&sqp=CNTpw4wG&rs=AOn4CLDecwy2D0PLLlxJo8LB0ZUrZd6ReQ
13,17,Curso SQL Completo 2019 [Iniciantes] + Desafios + Muita Pr√°tica,https://www.youtube.com/watch?v=rX2I7OjLqWE,2 years ago,2008031.0,3:56:46,"N√£o perca nenhuma aula de curso sql aqui na Dev Aprender, este curso completo de sql √© para todos, mesmo que voc√™ ainda¬†...",,Dev Aprender,https://www.youtube.com/channel/UCm63tB8wsKOVvxoU4iMpS2A,True,https://yt3.ggpht.com/zec2yFW3gESy-Pz8tCwecY6tJR67YSPPy3srANEBKI8AavFj5lubK614rCGgORi_vtH6ciLC4VI=s68-c-k-c0x00ffffff-no-rj,https://i.ytimg.com/vi/rX2I7OjLqWE/hq720.jpg?sqp=-oaymwEcCOgCEMoBSFXyq4qpAw4IARUAAIhCGAFwAcABBg==&rs=AOn4CLCi33uqcWWI2y1r85iZa-Rn1KlS1g,https://i.ytimg.com/an_webp/rX2I7OjLqWE/mqdefault_6s.webp?du=3000&sqp=CPHiw4wG&rs=AOn4CLC7qRRi7Djs57mNON8SLbwqnq6lAA
14,19,Learn how to write SQL Queries(Practice Complex SQL Queries),https://www.youtube.com/watch?v=FNYdBLwZ6cE,2 months ago,119927.0,49:56,"Learn how to write SQL Queries(Practice Complex SQL Queries) In this video, I will explain the thinking behind writing an SQL¬†...",,techTFQ,https://www.youtube.com/channel/UCnz-ZXXER4jOvuED5trXfEA,,https://yt3.ggpht.com/ICr89DNdy4Xe3eA4ceTDJ7ty18uM7bf5Xmk2b-aQsSAazCtqzSqEvPFQEXiENlmVq92MGNwj9w=s68-c-k-c0x00ffffff-no-rj,https://i.ytimg.com/vi/FNYdBLwZ6cE/hq720.jpg?sqp=-oaymwEcCOgCEMoBSFXyq4qpAw4IARUAAIhCGAFwAcABBg==&rs=AOn4CLDWGj6Lqdz5FXyhTuNnSZi-OFqGtQ,
15,20,SQL Step by Step Tutorial - Full Course for Beginners,https://www.youtube.com/watch?v=ChkvdW76dSk,2 years ago,206557.0,8:22:30,"https://www.gcreddy.com/2021/05/sql-step-by-step-videos.html https://gcreddy.info/sql-tutorial-for-beginners/ Introduction to SQL,¬†...",,G C Reddy Software Testing,https://www.youtube.com/user/gcreddy7,,https://yt3.ggpht.com/ytc/AKedOLTCfCiMjQrh1BexTGJp0pBvVDWW24VzdyP6_CJafQ=s68-c-k-c0x00ffffff-no-rj,https://i.ytimg.com/vi/ChkvdW76dSk/hq720.jpg?sqp=-oaymwEcCOgCEMoBSFXyq4qpAw4IARUAAIhCGAFwAcABBg==&rs=AOn4CLBmjsJ24I9W1ekiL3rpmkb2MX9NwA,
16,21,Advanced SQL course | SQL tutorial advanced,https://www.youtube.com/watch?v=2Fn0WAyZV0E,2 years ago,262185.0,1:17:51,SQL is a domain-specific language used in programming and designed for managing data held in a relational database¬†...,,Geek's Lesson,https://www.youtube.com/channel/UCKXx22vOENUyHrVAADq7Z_g,True,https://yt3.ggpht.com/ytc/AKedOLSOiCd8Xcl333BaOEClAz55bIBOFfBB1oDznJM9Sg=s68-c-k-c0x00ffffff-no-rj,https://i.ytimg.com/vi/2Fn0WAyZV0E/hq720.jpg?sqp=-oaymwEcCOgCEMoBSFXyq4qpAw4IARUAAIhCGAFwAcABBg==&rs=AOn4CLChgK0WtZlDDglOXMSgjUbmDb45vQ,
17,22,SQL - A Quick Overview  |¬¶| SQL Tutorial |¬¶| SQL for Beginners,https://www.youtube.com/watch?v=OfM5lC-7R4Y,2 years ago,212426.0,8:26,"SQL is a powerful language for working with databases. Today, we take you on a quick tour of SQL space and highlight the main¬†...",['CC'],Socratica,https://www.youtube.com/user/SocraticaStudios,,https://yt3.ggpht.com/ytc/AKedOLRKOfcLzqsa4fmKml3QJdjmJ2iAqzX7uU0svuvkCQ=s68-c-k-c0x00ffffff-no-rj,https://i.ytimg.com/vi/OfM5lC-7R4Y/hq720.jpg?sqp=-oaymwEcCOgCEMoBSFXyq4qpAw4IARUAAIhCGAFwAcABBg==&rs=AOn4CLBQNmhvuKsRFsy0vgfWs_me8xogTA,https://i.ytimg.com/an_webp/OfM5lC-7R4Y/mqdefault_6s.webp?du=3000&sqp=CNS8w4wG&rs=AOn4CLCpmQYXI1693XBku9Ku4-TIcEy-xA
18,23,SQL Tutorial 2021,https://www.youtube.com/watch?v=XqIk2PwP0To,2 years ago,91283.0,2:17:35,MY UDEMY COURSES ARE 87.5% OFF TILL AUGUST 14th ‚ñª‚ñª New C++ Programming Bootcamp Series for $9.99¬†...,,Derek Banas,https://www.youtube.com/user/derekbanas,True,https://yt3.ggpht.com/ytc/AKedOLRZJ5DFgSQzbLG4zSnAKlUu2XTZmTCA8DXmFTmGVQ=s68-c-k-c0x00ffffff-no-rj,https://i.ytimg.com/vi/XqIk2PwP0To/hq720.jpg?sqp=-oaymwEcCOgCEMoBSFXyq4qpAw4IARUAAIhCGAFwAcABBg==&rs=AOn4CLCUXEroPXrc2F3RAAAs-OQGLx6XPw,https://i.ytimg.com/an_webp/XqIk2PwP0To/mqdefault_6s.webp?du=3000&sqp=CPDww4wG&rs=AOn4CLBNUr51a-10oIoDZrHbpB4PoYSy8g
19,24,SQL Joins Explained  |¬¶| Joins in SQL |¬¶| SQL Tutorial,https://www.youtube.com/watch?v=9yeOJ0ZMUYw,2 years ago,409001.0,10:26,"SQL Joins let you fetch data from 2 or more tables in your database. We will cover the more common types of Joins: Inner Joins,¬†...",['CC'],Socratica,https://www.youtube.com/user/SocraticaStudios,,https://yt3.ggpht.com/ytc/AKedOLRKOfcLzqsa4fmKml3QJdjmJ2iAqzX7uU0svuvkCQ=s68-c-k-c0x00ffffff-no-rj,https://i.ytimg.com/vi/9yeOJ0ZMUYw/hq720.jpg?sqp=-oaymwEcCOgCEMoBSFXyq4qpAw4IARUAAIhCGAFwAcABBg==&rs=AOn4CLAiyMfnK_3I04iA-7XSCEgFMMl9SA,https://i.ytimg.com/an_webp/9yeOJ0ZMUYw/mqdefault_6s.webp?du=3000&sqp=CJDYw4wG&rs=AOn4CLBoiTALK7cjyMRC4lLEml7MPf834A
20,1,The Beginner's Guide to Excel - Excel Basics Tutorial,https://www.youtube.com/watch?v=rwbho0CgEAE,4 years ago,13712858.0,21:47,"If you like this video, here's my entire playlist of Excel tutorials: http://bit.ly/tech4excel Learn the basics of using Microsoft Excel,¬†...",['CC'],Technology for Teachers and Students,https://www.youtube.com/user/robobent,,https://yt3.ggpht.com/ytc/AKedOLQgg8vGdQyj3CJkPAEqpG138QMmnQnMDg00YNYgWg=s68-c-k-c0x00ffffff-no-rj,https://i.ytimg.com/vi/rwbho0CgEAE/hq720.jpg?sqp=-oaymwEcCOgCEMoBSFXyq4qpAw4IARUAAIhCGAFwAcABBg==&rs=AOn4CLA7DP5VAId5UrXNQS6tI9V-UarTSg,https://i.ytimg.com/an_webp/rwbho0CgEAE/mqdefault_6s.webp?du=3000&sqp=CKm6w4wG&rs=AOn4CLBSx2OCtJAFvXmTJ4XTka3JfVd35w
21,2,Microsoft Excel Tutorial for Beginners - Full Course,https://www.youtube.com/watch?v=Vl0H-qTclOg,1 year ago,1268291.0,2:26:10,Lean how to use Microsoft Excel from the beginning by creating 6 real-world projects. Most of the content applies to Google¬†...,['CC'],freeCodeCamp.org,https://www.youtube.com/channel/UC8butISFwT-Wl7EV0hUK0BQ,True,https://yt3.ggpht.com/ytc/AKedOLTtJvQ1Vfew91vemeLaLdhjOwGx3tTBLlreK_QUyA=s68-c-k-c0x00ffffff-no-rj,https://i.ytimg.com/vi/Vl0H-qTclOg/hq720.jpg?sqp=-oaymwEcCOgCEMoBSFXyq4qpAw4IARUAAIhCGAFwAcABBg==&rs=AOn4CLAbT3CawZ7VThj7_vlhqPcDRSN_UQ,https://i.ytimg.com/an_webp/Vl0H-qTclOg/mqdefault_6s.webp?du=3000&sqp=CMjzw4wG&rs=AOn4CLBesVSGl30QsFS5gX-ma9IgpkWUlQ
22,3,5 Excel Functions YOU NEED in 2021,https://www.youtube.com/watch?v=_EWcAR_Hkvg,10 months ago,490003.0,12:15,In this Excel functions tutorial you'll learn how to use the NEW Excel formulas and functions. These Excel functions are available¬†...,['CC'],Leila Gharani,https://www.youtube.com/channel/UCJtUOos_MwJa_Ewii-R3cJA,True,https://yt3.ggpht.com/ytc/AKedOLQYG2RoNQGZCPOp66egKoE8vZ13fwOQ3hlsgXMpvA=s68-c-k-c0x00ffffff-no-rj,https://i.ytimg.com/vi/_EWcAR_Hkvg/hq720.jpg?sqp=-oaymwEcCOgCEMoBSFXyq4qpAw4IARUAAIhCGAFwAcABBg==&rs=AOn4CLDrQl6RJkhbc1SNfEGPLYZNoAMAZw,https://i.ytimg.com/an_webp/_EWcAR_Hkvg/mqdefault_6s.webp?du=3000&sqp=CNDgw4wG&rs=AOn4CLAdXKDOQASkCDZqRJO0LD24MONVHg
23,4,How To Fill Out & Sign Unlimited Documents With Excel Data In 1 CLICK [Masterclass + Free Download],https://www.youtube.com/watch?v=wI6nFlq9CS8,,,1:50:54,JOIN US ON PATREON FOR UNRELEASED TRAININGS + MORE ‚ñª https://bit.ly/PatreonDesc JOIN MY MENTORSHIP¬†...,['New'],Excel For Freelancers,https://www.youtube.com/channel/UCXhiOv9VT_0XSnVXyEh4pWw,,https://yt3.ggpht.com/ytc/AKedOLRVJVLy5YU7uDJ59KhZwVV6tMgk_M-seY590sep_g=s68-c-k-c0x00ffffff-no-rj,https://i.ytimg.com/vi/wI6nFlq9CS8/hqdefault.jpg?sqp=-oaymwEcCOADEI4CSFXyq4qpAw4IARUAAIhCGAFwAcABBg==&rs=AOn4CLBE-MPoqpq_KHK2vDXfTMf51CfwIQ,
24,5,Microsoft Excel Tutorial -  Beginners Level 1,https://www.youtube.com/watch?v=k1VUZEVuDJ8,3 years ago,4839622.0,32:49,"0:00 Start 1:07 Starting up 1:27 Recent documents and pinning documents 1:54 Templates 2:34 Layout - Tabs, ribbons, and¬†...",['CC'],Teacher's Tech,https://www.youtube.com/channel/UCO66zvpQorlNfs_7hFCfmaw,True,https://yt3.ggpht.com/ytc/AKedOLQEj3uOzeVph7ImUetpAh5oJ-y8knVK9r2ZfwKcnQ=s68-c-k-c0x00ffffff-no-rj,https://i.ytimg.com/vi/k1VUZEVuDJ8/hq720.jpg?sqp=-oaymwEcCOgCEMoBSFXyq4qpAw4IARUAAIhCGAFwAcABBg==&rs=AOn4CLAwHCMMRMH1A2NF085lUc9-zcTzgw,
25,6,"Intermediate Excel Skills, Tips, and Tricks Tutorial",https://www.youtube.com/watch?v=lxq_46nY43g,4 years ago,4562704.0,20:18,"Here's my entire playlist of Excel tutorials: http://bit.ly/tech4excel Learn many of the intermediate skills, tips, and tricks that you'll¬†...",['CC'],Technology for Teachers and Students,https://www.youtube.com/user/robobent,,https://yt3.ggpht.com/ytc/AKedOLQgg8vGdQyj3CJkPAEqpG138QMmnQnMDg00YNYgWg=s68-c-k-c0x00ffffff-no-rj,https://i.ytimg.com/vi/lxq_46nY43g/hq720.jpg?sqp=-oaymwEcCOgCEMoBSFXyq4qpAw4IARUAAIhCGAFwAcABBg==&rs=AOn4CLCc1uxpxlajcAup7Rfxy64pjycvLQ,https://i.ytimg.com/an_webp/lxq_46nY43g/mqdefault_6s.webp?du=3000&sqp=CODiw4wG&rs=AOn4CLCRiGS1v8LpBTDvJ5LUU4rnK5et1Q
26,7,Top 10 Most Important Excel Formulas - Made Easy!,https://www.youtube.com/watch?v=ShBTJrdioLo,3 years ago,1606813.0,27:19,"This video provides a basic introduction into the top 10 most important formulas used in excel. These include the average function,¬†...",,The Organic Chemistry Tutor,https://www.youtube.com/channel/UCEWpbFLzoYGPfuWUMFPSaoA,,https://yt3.ggpht.com/ytc/AKedOLTbgxf76hhOsvNodHV4pYTUShqPkkGFijxZph5V2A=s68-c-k-c0x00ffffff-no-rj,https://i.ytimg.com/vi/ShBTJrdioLo/hq720.jpg?sqp=-oaymwEcCOgCEMoBSFXyq4qpAw4IARUAAIhCGAFwAcABBg==&rs=AOn4CLB3DqUbqeMjTkj9gy22Z2aiQ5L-Zw,
27,8,VLOOKUP Tutorial for Excel - Everything You Need To Know,https://www.youtube.com/watch?v=d3BYVQ6xIE4,2 years ago,1534738.0,21:50,"It's great for beginners. However, the video is packed with additional tips and tricks for writing formulas that will help save anyone¬†...",['CC'],Excel Campus - Jon,https://www.youtube.com/user/ExcelCampus,,https://yt3.ggpht.com/ytc/AKedOLSFUacMD-kI8JlBBJjAh9FI10r9n81jjO69h_f3qA=s68-c-k-c0x00ffffff-no-rj,https://i.ytimg.com/vi/d3BYVQ6xIE4/hq720.jpg?sqp=-oaymwEcCOgCEMoBSFXyq4qpAw4IARUAAIhCGAFwAcABBg==&rs=AOn4CLAdbPwPtseCwv1GnrNAROOT7BKRyA,https://i.ytimg.com/an_webp/d3BYVQ6xIE4/mqdefault_6s.webp?du=3000&sqp=CKjIw4wG&rs=AOn4CLCGDugo_yxfnEKGfNbnMCAKuqsoVA
28,9,50 Ultimate Excel Tips and Tricks for 2020,https://www.youtube.com/watch?v=FXs3WG7M-qk,1 year ago,1028761.0,50:17,The ultimate compilation of Excel tips and tricks to enhance your productivity using Excel. Updated for 2020! I've combined¬†...,['CC'],Sele Training,https://www.youtube.com/channel/UCxNXNvi-lspIjVHa-wuLabA,True,https://yt3.ggpht.com/ytc/AKedOLR84vF3c8cG7N6L2p8Ai2ieRPvMpvLHVTxa86EY=s68-c-k-c0x00ffffff-no-rj,https://i.ytimg.com/vi/FXs3WG7M-qk/hq720.jpg?sqp=-oaymwEcCOgCEMoBSFXyq4qpAw4IARUAAIhCGAFwAcABBg==&rs=AOn4CLAyk_p-qVNMvChaV6ILYIqzBdnxMw,https://i.ytimg.com/an_webp/FXs3WG7M-qk/mqdefault_6s.webp?du=3000&sqp=CLa_w4wG&rs=AOn4CLCdAl_adIDvpg5sskttWTsM7Jm5rQ
29,10,Excel Tutorial for Beginners | Excel Made Easy,https://www.youtube.com/watch?v=0tdlR1rBwkM,9 months ago,393366.0,15:54,"Learn the basics of using Microsoft Excel. How a spreadsheet is setup, and how you can enter data in Excel. Learn useful Excel¬†...",['CC'],Leila Gharani,https://www.youtube.com/channel/UCJtUOos_MwJa_Ewii-R3cJA,True,https://yt3.ggpht.com/ytc/AKedOLQYG2RoNQGZCPOp66egKoE8vZ13fwOQ3hlsgXMpvA=s68-c-k-c0x00ffffff-no-rj,https://i.ytimg.com/vi/0tdlR1rBwkM/hq720.jpg?sqp=-oaymwEcCOgCEMoBSFXyq4qpAw4IARUAAIhCGAFwAcABBg==&rs=AOn4CLAoHf1wAgNLhjzEFUt8vV0El1BPEQ,https://i.ytimg.com/an_webp/0tdlR1rBwkM/mqdefault_6s.webp?du=3000&sqp=CPS_w4wG&rs=AOn4CLANgZfgIZFzR0rpCCJTQqwFhuaTmA
30,11,10 Excel Things You Should NEVER Do and What to do Instead,https://www.youtube.com/watch?v=Edms-B4ViHo,1 month ago,227433.0,12:34,0:00 Introduction 0:12 Merge & Center Cells 1:49 Non-tabular Data 3:21 Dates Formatted as Text 4:26 External Links 5:40¬†...,,MyOnlineTrainingHub,https://www.youtube.com/user/MyOnlineTrainingHub,True,https://yt3.ggpht.com/ytc/AKedOLR6rNkZyg7o25kyQy2asi_qSXHgKaW9Uwttcfvf_A=s68-c-k-c0x00ffffff-no-rj,https://i.ytimg.com/vi/Edms-B4ViHo/hq720.jpg?sqp=-oaymwEcCOgCEMoBSFXyq4qpAw4IARUAAIhCGAFwAcABBg==&rs=AOn4CLCyCHNdp4ssUNhFT87iMpE-lw0QVA,https://i.ytimg.com/an_webp/Edms-B4ViHo/mqdefault_6s.webp?du=3000&sqp=CLbVw4wG&rs=AOn4CLB4j_uZt0crE9hoNoj29vDP8u4AOg
31,12,Excel VBA Beginner Tutorial,https://www.youtube.com/watch?v=G05TrN7nt6k,1 year ago,2500033.0,2:10:31,Excel VBA Beginner Tutorial For ad free training and certificates please join Learnit Anytime: https://www.learnitanytime.com For¬†...,['CC'],Learnit Training,https://www.youtube.com/user/LearnitTraining,True,https://yt3.ggpht.com/JPJEpKm2PkYzJJmju1M4a0cq3aMBS-JmJ4umGsxMLOCTTq0aE-vTfDaKa9umJNjqncqrzI3UauY=s68-c-k-c0x00ffffff-no-rj,https://i.ytimg.com/vi/G05TrN7nt6k/hq720.jpg?sqp=-oaymwEcCOgCEMoBSFXyq4qpAw4IARUAAIhCGAFwAcABBg==&rs=AOn4CLAAudZE9DGG8ExAef-DtP8Wmjhacg,
32,13,"Introduction to Pivot Tables, Charts, and Dashboards in Excel (Part 1)",https://www.youtube.com/watch?v=9NUjHBNWe9M,6 years ago,11425892.0,14:48,In this video series you will learn how to create an interactive dashboard using Pivot Tables and Pivot Charts. Works with Excel¬†...,['CC'],Excel Campus - Jon,https://www.youtube.com/user/ExcelCampus,,https://yt3.ggpht.com/ytc/AKedOLSFUacMD-kI8JlBBJjAh9FI10r9n81jjO69h_f3qA=s68-c-k-c0x00ffffff-no-rj,https://i.ytimg.com/vi/9NUjHBNWe9M/hq720.jpg?sqp=-oaymwEcCOgCEMoBSFXyq4qpAw4IARUAAIhCGAFwAcABBg==&rs=AOn4CLDtwUHB6QjPz7hGsh3yoDOvUQj-qg,https://i.ytimg.com/an_webp/9NUjHBNWe9M/mqdefault_6s.webp?du=3000&sqp=CKzOw4wG&rs=AOn4CLCn0CzKuvj1L0QxuLFXHO_h9rwEcQ
33,14,Pivot Table Excel Tutorial,https://www.youtube.com/watch?v=m0wI61ahfLc,2 years ago,1125717.0,13:36,Learn how to use PivotTables in Excel with this step-by-step tutorial for beginners. Find out how to insert pivot tables and how to¬†...,['4K'],Kevin Stratvert,https://www.youtube.com/user/kevlers,True,https://yt3.ggpht.com/ytc/AKedOLRkHVtAfp_Lc4c9nvT_v9c1PDudKWuFfYeNquCjteU=s68-c-k-c0x00ffffff-no-rj,https://i.ytimg.com/vi/m0wI61ahfLc/hq720.jpg?sqp=-oaymwEcCOgCEMoBSFXyq4qpAw4IARUAAIhCGAFwAcABBg==&rs=AOn4CLAU0QUewYcpNPXLOZGDme2_rFy1Dw,
34,16,Excel 2016 Intermediate,https://www.youtube.com/watch?v=NvBPFwYq3I4,2 years ago,597789.0,2:36:27,Excel 2016 Intermediate Tutorial For ad free training and certificates please join Learnit Anytime: https://www.learnitanytime.com¬†...,,Learnit Training,https://www.youtube.com/user/LearnitTraining,True,https://yt3.ggpht.com/JPJEpKm2PkYzJJmju1M4a0cq3aMBS-JmJ4umGsxMLOCTTq0aE-vTfDaKa9umJNjqncqrzI3UauY=s68-c-k-c0x00ffffff-no-rj,https://i.ytimg.com/vi/NvBPFwYq3I4/hq720.jpg?sqp=-oaymwEcCOgCEMoBSFXyq4qpAw4IARUAAIhCGAFwAcABBg==&rs=AOn4CLAFaCym0OCJzmTkXP725RQA6eN2SQ,
35,17,How You Can Actually Use the NEW Excel BYROW & BYCOL Functions,https://www.youtube.com/watch?v=YqaEJiwJj2I,1 month ago,188772.0,8:02,Have you used the new Excel BYROW and BYCOL functions? Microsoft released new Excel Lambda Helper Functions.,,Leila Gharani,https://www.youtube.com/channel/UCJtUOos_MwJa_Ewii-R3cJA,True,https://yt3.ggpht.com/ytc/AKedOLQYG2RoNQGZCPOp66egKoE8vZ13fwOQ3hlsgXMpvA=s68-c-k-c0x00ffffff-no-rj,https://i.ytimg.com/vi/YqaEJiwJj2I/hq720.jpg?sqp=-oaymwEcCOgCEMoBSFXyq4qpAw4IARUAAIhCGAFwAcABBg==&rs=AOn4CLC6dE7dDn2zbKWJVdzlXdKbs8jjEg,https://i.ytimg.com/an_webp/YqaEJiwJj2I/mqdefault_6s.webp?du=3000&sqp=CKDLw4wG&rs=AOn4CLCvwVVEDjscB2bd10iYNIboX5ezjQ
36,18,How to build Interactive Excel Dashboards that Update with ONE CLICK!,https://www.youtube.com/watch?v=K74_FNnlIF8,3 years ago,7469655.0,52:26,In this video you will learn how to create an interactive Excel dashboard from scratch using the built in Excel tools. No add-ins or¬†...,,MyOnlineTrainingHub,https://www.youtube.com/user/MyOnlineTrainingHub,True,https://yt3.ggpht.com/ytc/AKedOLR6rNkZyg7o25kyQy2asi_qSXHgKaW9Uwttcfvf_A=s68-c-k-c0x00ffffff-no-rj,https://i.ytimg.com/vi/K74_FNnlIF8/hq720.jpg?sqp=-oaymwEcCOgCEMoBSFXyq4qpAw4IARUAAIhCGAFwAcABBg==&rs=AOn4CLDdiW1Kv6w_b3lcioAhmnAEownW7g,
37,19,Excel LAMBDA - HOW & WHEN you Should use it,https://www.youtube.com/watch?v=Rm4y5UqauRw,11 months ago,223122.0,16:02,Introducing Excel's BRAND NEW function: Excel LAMBDA Function. Excel Lambda allows you to create your own Microsoft Excel¬†...,['CC'],Leila Gharani,https://www.youtube.com/channel/UCJtUOos_MwJa_Ewii-R3cJA,True,https://yt3.ggpht.com/ytc/AKedOLQYG2RoNQGZCPOp66egKoE8vZ13fwOQ3hlsgXMpvA=s68-c-k-c0x00ffffff-no-rj,https://i.ytimg.com/vi/Rm4y5UqauRw/hq720.jpg?sqp=-oaymwEcCOgCEMoBSFXyq4qpAw4IARUAAIhCGAFwAcABBg==&rs=AOn4CLD6eIOG2vp_Rnfv2Clyhswhatr2NA,https://i.ytimg.com/an_webp/Rm4y5UqauRw/mqdefault_6s.webp?du=3000&sqp=COjFw4wG&rs=AOn4CLBTK3gnva4R8rfnAlgzt1pOAW-MyQ
38,20,How to Use Excel Checkboxes | Interactive Checklists & Reports,https://www.youtube.com/watch?v=Jj1iJSnXEG8,3 months ago,207452.0,8:02,Quickly learn how to create a check-box in Microsoft Excel. I also cover adding multiple checkboxes to a column. You'll also learn¬†...,,Leila Gharani,https://www.youtube.com/channel/UCJtUOos_MwJa_Ewii-R3cJA,True,https://yt3.ggpht.com/ytc/AKedOLQYG2RoNQGZCPOp66egKoE8vZ13fwOQ3hlsgXMpvA=s68-c-k-c0x00ffffff-no-rj,https://i.ytimg.com/vi/Jj1iJSnXEG8/hq720.jpg?sqp=-oaymwEcCOgCEMoBSFXyq4qpAw4IARUAAIhCGAFwAcABBg==&rs=AOn4CLCyKJUUr5JmAIkBlOAZtEyh089eIw,https://i.ytimg.com/an_webp/Jj1iJSnXEG8/mqdefault_6s.webp?du=3000&sqp=COfBw4wG&rs=AOn4CLAdLue3ub459Yro9gGQt6tlOMsxCQ
39,4,Tableau in Two Minutes - Tableau Basics for Beginners,https://www.youtube.com/watch?v=jEgVto5QME8,3 years ago,889229.0,23:03,"In this longer-format training video, we walk through everything you need to build your first dashboard, from connecting to data,¬†...",,Penguin Analytics,https://www.youtube.com/channel/UCQIMjZigvDj6tWFoMTsN5_g,,https://yt3.ggpht.com/ytc/AKedOLQAbYgXnBGnTgqgf60oezB2ujlBsBfgLEotyW55=s68-c-k-c0x00ffffff-no-rj,https://i.ytimg.com/vi/jEgVto5QME8/hq720.jpg?sqp=-oaymwEcCOgCEMoBSFXyq4qpAw4IARUAAIhCGAFwAcABBg==&rs=AOn4CLCxxhzPetxcOwwiVmqnlYVFundgDQ,
40,5,Tableau Full Course - Learn Tableau in 6 Hours | Tableau Training for Beginners | Edureka,https://www.youtube.com/watch?v=aHaOIvR00So,2 years ago,1639529.0,6:00:14,00:00 Agenda 2:27 Introduction to Tableau & Data Visualization 2:39 What is Data Visualization? 3:37 Power of Data¬†...,['CC'],edureka!,https://www.youtube.com/user/edurekaIN,True,https://yt3.ggpht.com/ytc/AKedOLTyvoU_YW3YmDgIXlJ8JpzFnNoZPVvQk9xFxfMkzQ=s68-c-k-c0x00ffffff-no-rj,https://i.ytimg.com/vi/aHaOIvR00So/hq720.jpg?sqp=-oaymwEcCOgCEMoBSFXyq4qpAw4IARUAAIhCGAFwAcABBg==&rs=AOn4CLBtNgAv6bYJzWnb5DlRKhPsPLQL5g,https://i.ytimg.com/an_webp/aHaOIvR00So/mqdefault_6s.webp?du=3000&sqp=CLTzw4wG&rs=AOn4CLDCQwyogA2En7u1g7pG1AaYh4cH0Q
41,6,What is Tableau ?  Explained in under 10 mins!,https://www.youtube.com/watch?v=7Jl-RwkzqQ4,1 year ago,364651.0,10:27,tableau #salesforce #data In this video I summarise the Tableau platform and how it fits into the Analytical flow in every business.,['CC'],Tableau Tim,https://www.youtube.com/user/tfngwena,,https://yt3.ggpht.com/vgtxZZSUM59UEsIgmm5O4EZ6nDZ38JzUcEzlAvpC4Dmd40aBmvJMmaOTDeQnRUCONoKhxqK-Nw=s68-c-k-c0x00ffffff-no-rj,https://i.ytimg.com/vi/7Jl-RwkzqQ4/hq720.jpg?sqp=-oaymwEcCOgCEMoBSFXyq4qpAw4IARUAAIhCGAFwAcABBg==&rs=AOn4CLABTtQEi1U0o4WvGrrdFF4frNivVg,
42,7,Tableau for Data Science and Data Visualization - Crash Course Tutorial,https://www.youtube.com/watch?v=TPMlZxRRaBQ,2 years ago,466923.0,28:42,"Learn to use Tableau to produce high quality, interactive data visualizations! Tableau can help you see and understand your data.",,freeCodeCamp.org,https://www.youtube.com/channel/UC8butISFwT-Wl7EV0hUK0BQ,True,https://yt3.ggpht.com/ytc/AKedOLTtJvQ1Vfew91vemeLaLdhjOwGx3tTBLlreK_QUyA=s68-c-k-c0x00ffffff-no-rj,https://i.ytimg.com/vi/TPMlZxRRaBQ/hq720.jpg?sqp=-oaymwEcCOgCEMoBSFXyq4qpAw4IARUAAIhCGAFwAcABBg==&rs=AOn4CLAofU-8TWwNhL5ZbwLNdgtz6fx0ag,https://i.ytimg.com/an_webp/TPMlZxRRaBQ/mqdefault_6s.webp?du=3000&sqp=CLzew4wG&rs=AOn4CLC4uFpLKYVngiammuYybfceR5PLkw
43,8,What is Tableau? | A Tableau Overview,https://www.youtube.com/watch?v=YfE9jBq002s,2 years ago,310066.0,2:16,"Tableau helps people see and understand data. Our analytics platform fuels exploration, allowing you to quickly answer questions¬†...",['CC'],Tableau Software,https://www.youtube.com/user/tableausoftware,True,https://yt3.ggpht.com/ytc/AKedOLQkzAf9xbWb7XSzfywVnNrKMjSdmJn0crwpFoYg=s68-c-k-c0x00ffffff-no-rj,https://i.ytimg.com/vi/YfE9jBq002s/hq720.jpg?sqp=-oaymwEcCOgCEMoBSFXyq4qpAw4IARUAAIhCGAFwAcABBg==&rs=AOn4CLBtpY3YbPFQztGGKysSa_Dh-AD3LA,https://i.ytimg.com/an_webp/YfE9jBq002s/mqdefault_6s.webp?du=3000&sqp=CN7tw4wG&rs=AOn4CLCfQg-FKmrkVj08bpExJ1C-sm_zBw
44,9,Tableau Tutorial | Tableau Full Course - Learn Tableau In 6 Hours | Great Learning,https://www.youtube.com/watch?v=6mBtTNggkUk,1 year ago,348466.0,5:23:57,Great Learning offers a range of extensive Data Science courses that enable candidates for diverse work professions in Data¬†...,['CC'],Great Learning,https://www.youtube.com/user/beaconelearning,True,https://yt3.ggpht.com/ytc/AKedOLQCxwWkeIU4jyhDL-1vXucz-mquq4uPnTsyUtGiyA=s68-c-k-c0x00ffffff-no-rj,https://i.ytimg.com/vi/6mBtTNggkUk/hq720.jpg?sqp=-oaymwEcCOgCEMoBSFXyq4qpAw4IARUAAIhCGAFwAcABBg==&rs=AOn4CLDsfmtWcOKCQpZpWLpqJI-KtLKz5A,https://i.ytimg.com/an_webp/6mBtTNggkUk/mqdefault_6s.webp?du=3000&sqp=CK_4w4wG&rs=AOn4CLCZnXdm1gF44aOkI65R7UogjRnQzQ
45,14,TC21 | Opening Keynote,https://www.youtube.com/watch?v=7D_C-P_Qysw,Streamed 4 days ago,4243.0,1:07:05,"The ability to collect, analyze, and understand data at a new scale has created incredible opportunities as well as new challenges.",['New'],Tableau Software,https://www.youtube.com/user/tableausoftware,True,https://yt3.ggpht.com/ytc/AKedOLQkzAf9xbWb7XSzfywVnNrKMjSdmJn0crwpFoYg=s68-c-k-c0x00ffffff-no-rj,https://i.ytimg.com/vi/7D_C-P_Qysw/hq720.jpg?sqp=-oaymwEcCOgCEMoBSFXyq4qpAw4IARUAAIhCGAFwAcABBg==&rs=AOn4CLB-EBZDpEnwmA88pzPiqpMef_oP3A,https://i.ytimg.com/an_webp/7D_C-P_Qysw/mqdefault_6s.webp?du=3000&sqp=CITTw4wG&rs=AOn4CLDFRNMBBtnOgvhA3bcK3SmAXwHu5w
46,16,2021 Tableau Desktop Specialist Exam Guide: Tableau Certification,https://www.youtube.com/watch?v=ynODtMexgC8,1 month ago,1606.0,23:56,"In this one, I go through the Tableau Specialist exam run by Pearson Vue immediately after sitting it. This exam is for those who¬†...","['4K', 'CC']",Tableau Tim,https://www.youtube.com/user/tfngwena,,https://yt3.ggpht.com/vgtxZZSUM59UEsIgmm5O4EZ6nDZ38JzUcEzlAvpC4Dmd40aBmvJMmaOTDeQnRUCONoKhxqK-Nw=s68-c-k-c0x00ffffff-no-rj,https://i.ytimg.com/vi/ynODtMexgC8/hq720.jpg?sqp=-oaymwEcCOgCEMoBSFXyq4qpAw4IARUAAIhCGAFwAcABBg==&rs=AOn4CLAmqUHK4UYDmCbaz20r0tQBb97wTQ,https://i.ytimg.com/an_webp/ynODtMexgC8/mqdefault_6s.webp?du=3000&sqp=CPPjw4wG&rs=AOn4CLALtF2Ztx-Czev78UFF1IZfpVMGkA
47,17,Tableau Training For Beginners Part - 1 | Tableau Tutorial Part - 1 | Tableau Training | Simplilearn,https://www.youtube.com/watch?v=fO7g0pnWaRA,3 years ago,434716.0,2:15:51,This Tableau training for beginners video will help you understand what is business intelligence why we need business¬†...,,Simplilearn,https://www.youtube.com/user/Simplilearn,True,https://yt3.ggpht.com/ytc/AKedOLTaNnIZrEVNHk-OgfTRlO1n2aeAZ657f5FrG-5EaA=s68-c-k-c0x00ffffff-no-rj,https://i.ytimg.com/vi/fO7g0pnWaRA/hq720.jpg?sqp=-oaymwEcCOgCEMoBSFXyq4qpAw4IARUAAIhCGAFwAcABBg==&rs=AOn4CLBR9XkNAfhhcVYSflcmZzSmvg9tzw,
48,20,Tableau Dashboard Tips  [Top 10 Tableau Dashboard Design Tips],https://www.youtube.com/watch?v=Lu0jrymqOGM,3 years ago,316171.0,13:57,"So you have all your charts built out now it's time to put it all together. To me, this is the most important step because this is what¬†...",,Vizual Intelligence Inc.,https://www.youtube.com/channel/UCdXTfbW26jVkQzqjsRO6JOg,,https://yt3.ggpht.com/ytc/AKedOLTRCI4mGF0lPfi3DH5ub_I4T0ciYvUx9CVkAXDQrg=s68-c-k-c0x00ffffff-no-rj,https://i.ytimg.com/vi/Lu0jrymqOGM/hqdefault.jpg?sqp=-oaymwEcCOADEI4CSFXyq4qpAw4IARUAAIhCGAFwAcABBg==&rs=AOn4CLCrpGu5s-1Amm5zBNsCQkOPwJ9qtQ,https://i.ytimg.com/an_webp/Lu0jrymqOGM/mqdefault_6s.webp?du=3000&sqp=CIe4w4wG&rs=AOn4CLDcdqwBkSoEJ6QHiH1GXrLd3K-J8Q
49,21,TC21 | Iron Viz,https://www.youtube.com/watch?v=Aj5bd6AstHQ,2 days ago,1100.0,55:33,Three finalists take the stage to compete for bragging rights (and $10000 cash) in the world's largest data visualization¬†...,['New'],Tableau Software,https://www.youtube.com/user/tableausoftware,True,https://yt3.ggpht.com/ytc/AKedOLQkzAf9xbWb7XSzfywVnNrKMjSdmJn0crwpFoYg=s68-c-k-c0x00ffffff-no-rj,https://i.ytimg.com/vi/Aj5bd6AstHQ/hqdefault.jpg?sqp=-oaymwEcCOADEI4CSFXyq4qpAw4IARUAAIhCGAFwAcABBg==&rs=AOn4CLBQzf4BhLHlBFnozJguAdxJeEL4PA,https://i.ytimg.com/an_webp/Aj5bd6AstHQ/mqdefault_6s.webp?du=3000&sqp=CIjjw4wG&rs=AOn4CLCh221g2D9095ET7vhv9gfwn9DGtA
50,22,TABLEAU HOW TO CREATE DASHBOARD,https://www.youtube.com/watch?v=Nr31rv9tsJ8,4 years ago,322614.0,20:43,Wondering what the best practices for creating stunning dashboards in Tableau are? We know that it might be complicated to put¬†...,,Art of Visualization,https://www.youtube.com/channel/UCHBWJGoZMkhJyElgvuN1U1w,,https://yt3.ggpht.com/ytc/AKedOLTe5Z70pKSWUpxMoEgL8HJpk7r5g11PQrR08637QQ=s68-c-k-c0x00ffffff-no-rj,https://i.ytimg.com/vi/Nr31rv9tsJ8/hq720.jpg?sqp=-oaymwEcCOgCEMoBSFXyq4qpAw4IARUAAIhCGAFwAcABBg==&rs=AOn4CLDkMI-tbN8DX1SNYSLy9kcFg-G8lg,
51,23,Tableau Explained In 5 Minutes | What Is Tableau? | Tableau Training For Beginners | Simplilearn,https://www.youtube.com/watch?v=NLCzpPRCc7U,5 months ago,20250.0,5:11,"Don't forget to take the quiz at 03:51! Comment below what you think is the right answer, to be one of the 3 lucky winners who can¬†...",,Simplilearn,https://www.youtube.com/user/Simplilearn,True,https://yt3.ggpht.com/ytc/AKedOLTaNnIZrEVNHk-OgfTRlO1n2aeAZ657f5FrG-5EaA=s68-c-k-c0x00ffffff-no-rj,https://i.ytimg.com/vi/NLCzpPRCc7U/hq720.jpg?sqp=-oaymwEcCOgCEMoBSFXyq4qpAw4IARUAAIhCGAFwAcABBg==&rs=AOn4CLCX0g9PboUJPo2q4X1zJnd_vN5n8g,https://i.ytimg.com/an_webp/NLCzpPRCc7U/mqdefault_6s.webp?du=3000&sqp=CLzyw4wG&rs=AOn4CLAgk00DRStZXAYCQeSOoX2aOvcQow
52,24,The 2021 Tableau Community Vizzies,https://www.youtube.com/watch?v=flJfqGYYJdI,2 days ago,415.0,24:48,"The Tableau World Podcast loves to recognize the awesomeness of the Tableau community, beyond those who have been¬†...",['New'],Tableau Software,https://www.youtube.com/user/tableausoftware,True,https://yt3.ggpht.com/ytc/AKedOLQkzAf9xbWb7XSzfywVnNrKMjSdmJn0crwpFoYg=s68-c-k-c0x00ffffff-no-rj,https://i.ytimg.com/vi/flJfqGYYJdI/hqdefault.jpg?sqp=-oaymwEcCOADEI4CSFXyq4qpAw4IARUAAIhCGAFwAcABBg==&rs=AOn4CLDzNwnzcLDWEgtO_PRgEVRVIX_dsQ,https://i.ytimg.com/an_webp/flJfqGYYJdI/mqdefault_6s.webp?du=3000&sqp=CNruw4wG&rs=AOn4CLAFpGrQO3cdF3CK2YG2LngH8JqSZQ
53,25,10 Tableau tricks you should know | Tableau Tips and Tricks | sqlbelle,https://www.youtube.com/watch?v=AqnQgGJ3VX0,1 year ago,18924.0,12:05,tableau #analytics These are ten tricks (or tips?) that I think anyone who uses Tableau should be familiar with. Some are obvious¬†...,,sqlbelle,https://www.youtube.com/channel/UCW2E1sGBVde5WMMxEh5CW4w,,https://yt3.ggpht.com/ytc/AKedOLQTP8xLzL4z1O2kVm5BZhP56aJAt5GKaJzIXNbU=s68-c-k-c0x00ffffff-no-rj,https://i.ytimg.com/vi/AqnQgGJ3VX0/hq720.jpg?sqp=-oaymwEcCOgCEMoBSFXyq4qpAw4IARUAAIhCGAFwAcABBg==&rs=AOn4CLCYOO2Z_Lrk1KraE5gH3P2BjoWQQA,
54,27,Tableau Full Course In 8 Hours | Tableau Tutorial | Tableau Training For Beginners |  Simplilearn,https://www.youtube.com/watch?v=Wh4sCCZjOwo,2 years ago,129160.0,7:24:47,This video is an updated and complete Tableau Full Course In 8 Hours. This Tableau Tutorial is designed to guide you right from¬†...,,Simplilearn,https://www.youtube.com/user/Simplilearn,True,https://yt3.ggpht.com/ytc/AKedOLTaNnIZrEVNHk-OgfTRlO1n2aeAZ657f5FrG-5EaA=s68-c-k-c0x00ffffff-no-rj,https://i.ytimg.com/vi/Wh4sCCZjOwo/hq720.jpg?sqp=-oaymwEcCOgCEMoBSFXyq4qpAw4IARUAAIhCGAFwAcABBg==&rs=AOn4CLBSqFKFGdUj8Xr6FbcMmBqH1-2iLA,https://i.ytimg.com/an_webp/Wh4sCCZjOwo/mqdefault_6s.webp?du=3000&sqp=COTiw4wG&rs=AOn4CLCOJLFbOJPP70GBKBuatS7OLmQLCw
55,28,Introduction to Tableau | How Tableau Works | Tableau Courses,https://www.youtube.com/watch?v=gWZtNdMko1k,3 years ago,767732.0,4:27,Introduction to Tableau | How Tableau Works | Tableau Courses Lecture By: Mr. Pavan Lalwani Tutorials Point India Private¬†...,,Tutorials Point (India) Ltd.,https://www.youtube.com/channel/UCVLbzhxVTiTLiVKeGV7WEBg,True,https://yt3.ggpht.com/ytc/AKedOLQODifLtPEAFG0AEcYpJLRdwmZJVBtUaEH7oF3T=s68-c-k-c0x00ffffff-no-rj,https://i.ytimg.com/vi/gWZtNdMko1k/hq720.jpg?sqp=-oaymwEcCOgCEMoBSFXyq4qpAw4IARUAAIhCGAFwAcABBg==&rs=AOn4CLCF00VP7Kq8Fdevbe_FFdM8Y7iXVw,https://i.ytimg.com/an_webp/gWZtNdMko1k/mqdefault_6s.webp?du=3000&sqp=CMzlw4wG&rs=AOn4CLDv2sB96ZVsEqilpw4CnB8Pg7LBqA
56,1,What Is Azure? | Microsoft Azure Tutorial For Beginners | Microsoft Azure Training | Simplilearn,https://www.youtube.com/watch?v=3Arj5zlUPG4,3 years ago,1150976.0,10:34,Below topics are explained in this Azure tutorial for beginners: 1. Why cloud computing? ( 00:28 ) 2. What is cloud computing?,,Simplilearn,https://www.youtube.com/user/Simplilearn,True,https://yt3.ggpht.com/ytc/AKedOLTaNnIZrEVNHk-OgfTRlO1n2aeAZ657f5FrG-5EaA=s68-c-k-c0x00ffffff-no-rj,https://i.ytimg.com/vi/3Arj5zlUPG4/hq720.jpg?sqp=-oaymwEcCOgCEMoBSFXyq4qpAw4IARUAAIhCGAFwAcABBg==&rs=AOn4CLDI3dyQ5Wk0O1OwT2IDg10_xjAliA,https://i.ytimg.com/an_webp/3Arj5zlUPG4/mqdefault_6s.webp?du=3000&sqp=CJLNw4wG&rs=AOn4CLC1Iqz3g1xafr7ukLBakwyg-ylRZQ
57,2,Microsoft Azure Fundamentals Certification Course (AZ-900) - Pass the exam in 3 hours!,https://www.youtube.com/watch?v=NKEFWyqJ5XA,1 year ago,2132131.0,3:10:26,Learn about Microsoft Azure and pass the Azure Fundamentals exam! The Azure Fundamentals exam is an opportunity to prove¬†...,['CC'],freeCodeCamp.org,https://www.youtube.com/channel/UC8butISFwT-Wl7EV0hUK0BQ,True,https://yt3.ggpht.com/ytc/AKedOLTtJvQ1Vfew91vemeLaLdhjOwGx3tTBLlreK_QUyA=s68-c-k-c0x00ffffff-no-rj,https://i.ytimg.com/vi/NKEFWyqJ5XA/hq720.jpg?sqp=-oaymwEcCOgCEMoBSFXyq4qpAw4IARUAAIhCGAFwAcABBg==&rs=AOn4CLAkfqrvxJBjUAOY44tVvFypn6LinQ,
58,3,How does Microsoft Azure work?,https://www.youtube.com/watch?v=KXkBZCe699A,3 years ago,563515.0,2:26,"Azure makes it easy for developers and IT professionals to be agile when they build, deploy, and manage their applications and¬†...",['CC'],Microsoft Azure,https://www.youtube.com/user/windowsazure,True,https://yt3.ggpht.com/ytc/AKedOLRWrisdne6s62jFSEqac07vG0wP_XT5m7hawTUHTA=s68-c-k-c0x00ffffff-no-rj,https://i.ytimg.com/vi/KXkBZCe699A/hq720.jpg?sqp=-oaymwEcCOgCEMoBSFXyq4qpAw4IARUAAIhCGAFwAcABBg==&rs=AOn4CLCAi6WLF7c_xCA7TI3tNblKtjdj3A,https://i.ytimg.com/an_webp/KXkBZCe699A/mqdefault_6s.webp?du=3000&sqp=CNDZw4wG&rs=AOn4CLAknUedwbUn-xxtSj56EIIqKUzinQ
59,4,Azure Full Course - Learn Microsoft Azure in 8 Hours | Azure Tutorial For Beginners | Edureka,https://www.youtube.com/watch?v=tDuruX7XSac,2 years ago,1488272.0,7:58:47,00:00 Introduction 3:02 Why Cloud? 3:07 Before Cloud Computing 6:17 What is Cloud? 8:07 What is Cloud Computing? 8:42¬†...,['CC'],edureka!,https://www.youtube.com/user/edurekaIN,True,https://yt3.ggpht.com/ytc/AKedOLTyvoU_YW3YmDgIXlJ8JpzFnNoZPVvQk9xFxfMkzQ=s68-c-k-c0x00ffffff-no-rj,https://i.ytimg.com/vi/tDuruX7XSac/hq720.jpg?sqp=-oaymwEcCOgCEMoBSFXyq4qpAw4IARUAAIhCGAFwAcABBg==&rs=AOn4CLB9yRRx_Gm0G41QhDt0zYrdHCfTCA,https://i.ytimg.com/an_webp/tDuruX7XSac/mqdefault_6s.webp?du=3000&sqp=COHxw4wG&rs=AOn4CLBcL4w8N78cqOm1_uYa7n_Wku-a4Q
60,6,An introduction to Microsoft Azure AI | Azure AI Essentials,https://www.youtube.com/watch?v=qJGRd34Hnl0,9 months ago,31968.0,12:03,"In this video, Maddy Butzbach from #Microsoft #Azure AI takes us on a walkthrough of AI concepts and shows us how we can¬†...",['CC'],Microsoft Azure,https://www.youtube.com/user/windowsazure,True,https://yt3.ggpht.com/ytc/AKedOLRWrisdne6s62jFSEqac07vG0wP_XT5m7hawTUHTA=s68-c-k-c0x00ffffff-no-rj,https://i.ytimg.com/vi/qJGRd34Hnl0/hq720.jpg?sqp=-oaymwEcCOgCEMoBSFXyq4qpAw4IARUAAIhCGAFwAcABBg==&rs=AOn4CLAgvZpp96ao1wPUyX4-XC971bMsTw,https://i.ytimg.com/an_webp/qJGRd34Hnl0/mqdefault_6s.webp?du=3000&sqp=COHxw4wG&rs=AOn4CLCNyJ84br3rHeVBMwnwHVp6t-nDYA
61,7,Microsoft Azure Explained - Azure Training | Cloud Academy,https://www.youtube.com/watch?v=xNbVUMvqtt8,1 year ago,12190.0,8:04,"Microsoft Azure is a collection of online services that organizations can use to build, host, and deliver applications. You don't need¬†...",,Cloud Academy,https://www.youtube.com/channel/UCeRY0LppLWdxWAymRANTb0g,,https://yt3.ggpht.com/ytc/AKedOLTp5gyDKSwuKhLedCQ1liQTJUxedKsVHOSKlekjFQ=s68-c-k-c0x00ffffff-no-rj,https://i.ytimg.com/vi/xNbVUMvqtt8/hq720.jpg?sqp=-oaymwEcCOgCEMoBSFXyq4qpAw4IARUAAIhCGAFwAcABBg==&rs=AOn4CLBqOg2XoHVhEA1MorAPs3oaYJ1xLA,https://i.ytimg.com/an_webp/xNbVUMvqtt8/mqdefault_6s.webp?du=3000&sqp=CMLRw4wG&rs=AOn4CLAFNUlIHrvVQiQYFZ7zg3wiFGM90Q
62,11,Build your first Web App with Microsoft Azure,https://www.youtube.com/watch?v=0QO2jdinCoQ,6 months ago,25951.0,17:02,"Join Cephas Lin, Senior Content Developer at Microsoft, as he provides a step-by-step walkthrough for developers in this video¬†...",['CC'],Microsoft Azure,https://www.youtube.com/user/windowsazure,True,https://yt3.ggpht.com/ytc/AKedOLRWrisdne6s62jFSEqac07vG0wP_XT5m7hawTUHTA=s68-c-k-c0x00ffffff-no-rj,https://i.ytimg.com/vi/0QO2jdinCoQ/hq720.jpg?sqp=-oaymwEcCOgCEMoBSFXyq4qpAw4IARUAAIhCGAFwAcABBg==&rs=AOn4CLDxhnUJc6VbJA_N3PIqU5kwkVUF5w,https://i.ytimg.com/an_webp/0QO2jdinCoQ/mqdefault_6s.webp?du=3000&sqp=CODiw4wG&rs=AOn4CLD0IXBVOumq2pbhzS0dz2XGkElw8Q
63,13,Azure Administrator Certification (AZ-104) - Full Course to PASS the Exam,https://www.youtube.com/watch?v=10PbGbTUSAg,6 months ago,384226.0,11:16:26,The Azure Administrator is the most popular Azure certification because it provides the broadest amount of practical knowledge to¬†...,,freeCodeCamp.org,https://www.youtube.com/channel/UC8butISFwT-Wl7EV0hUK0BQ,True,https://yt3.ggpht.com/ytc/AKedOLTtJvQ1Vfew91vemeLaLdhjOwGx3tTBLlreK_QUyA=s68-c-k-c0x00ffffff-no-rj,https://i.ytimg.com/vi/10PbGbTUSAg/hq720.jpg?sqp=-oaymwEcCOgCEMoBSFXyq4qpAw4IARUAAIhCGAFwAcABBg==&rs=AOn4CLAqfL5SbdqGdjxrxjk7171jqHprcQ,https://i.ytimg.com/an_webp/10PbGbTUSAg/mqdefault_6s.webp?du=3000&sqp=CPjPw4wG&rs=AOn4CLDesSFlPlkalfdiyHz1rErOobF9iw
64,14,What is Microsoft Azure?,https://www.youtube.com/watch?v=YWrEl11dBvU,6 months ago,4487.0,8:32,"It's one of the leaders in the cloud computing space, but what is Azure cloud and what is it used for? This ACG Fundamentals¬†...","['4K', 'CC']",A Cloud Guru,https://www.youtube.com/channel/UCp8lLM2JP_1pv6E0NQ38pqw,,https://yt3.ggpht.com/ytc/AKedOLQIPeGc4vWyv55JiiamAxnp_axY8DQOJo0Tsw_iRA=s68-c-k-c0x00ffffff-no-rj,https://i.ytimg.com/vi/YWrEl11dBvU/hq720.jpg?sqp=-oaymwEcCOgCEMoBSFXyq4qpAw4IARUAAIhCGAFwAcABBg==&rs=AOn4CLCT03ubBNo86oBWVMhlGv1DmiQ9qQ,https://i.ytimg.com/an_webp/YWrEl11dBvU/mqdefault_6s.webp?du=3000&sqp=CILTw4wG&rs=AOn4CLDlnW3uI5sSLpFzazurmyycGeuCkw
65,17,The Microsoft Cloud: Powering daily life around the planet,https://www.youtube.com/watch?v=txZrgdehLaw,6 months ago,35293.0,1:03,"Meet the Microsoft Cloud, which securely stores, processes and manages data within one of the largest interconnected networks¬†...",['CC'],Microsoft,https://www.youtube.com/user/Microsoft,True,https://yt3.ggpht.com/ytc/AKedOLRZENZBPyEEG2cd0PZXemKKyG1GMGVJXmzHhrs4=s68-c-k-c0x00ffffff-no-rj,https://i.ytimg.com/vi/txZrgdehLaw/hq720.jpg?sqp=-oaymwEcCOgCEMoBSFXyq4qpAw4IARUAAIhCGAFwAcABBg==&rs=AOn4CLAl91ceRbFtIEUlA6gbMAuZYTEIIA,https://i.ytimg.com/an_webp/txZrgdehLaw/mqdefault_6s.webp?du=3000&sqp=CIThw4wG&rs=AOn4CLBhf6knGOMp44WpIhH3MAp2Irx-0Q
66,18,Azure Fundamentals Certification Exam Cram (AZ-900) Full Course 2021,https://www.youtube.com/watch?v=gH3pwWO0Q9Y,9 months ago,235231.0,1:58:23,Learn the fundamentals of Microsoft Azure FAST and pass the Azure Fundamentals exam fast with this targeted exam cram¬†...,,Inside Cloud and Security,https://www.youtube.com/channel/UCAr0yk0um7lwLjmrKfzwyig,,https://yt3.ggpht.com/ytc/AKedOLRpvCdHQpIl_1wfFCtsJ1eD-VaFwgFaguxreyQZ=s68-c-k-c0x00ffffff-no-rj,https://i.ytimg.com/vi/gH3pwWO0Q9Y/hq720.jpg?sqp=-oaymwEcCOgCEMoBSFXyq4qpAw4IARUAAIhCGAFwAcABBg==&rs=AOn4CLC5tmShF5Z3-K0Lu-5-W5CoZ--_KQ,https://i.ytimg.com/an_webp/gH3pwWO0Q9Y/mqdefault_6s.webp?du=3000&sqp=CPjew4wG&rs=AOn4CLDaCmfZglAIQ9qwe0CoSnUBFk52cg
67,19,Optimize Data Warehouse Workloads for BI and Reporting with Azure Synapse,https://www.youtube.com/watch?v=GezWdKOkK_I,2 days ago,437.0,10:29,Optimize the performance and security of data mart and data warehousing workloads for your BI and reporting. Learn more:¬†...,"['New', 'CC']",Microsoft Azure,https://www.youtube.com/user/windowsazure,True,https://yt3.ggpht.com/ytc/AKedOLRWrisdne6s62jFSEqac07vG0wP_XT5m7hawTUHTA=s68-c-k-c0x00ffffff-no-rj,https://i.ytimg.com/vi/GezWdKOkK_I/hq720.jpg?sqp=-oaymwEcCOgCEMoBSFXyq4qpAw4IARUAAIhCGAFwAcABBg==&rs=AOn4CLDB-HiuAhLqemcN-j1gH-9STSg0sA,https://i.ytimg.com/an_webp/GezWdKOkK_I/mqdefault_6s.webp?du=3000&sqp=CMb4w4wG&rs=AOn4CLCykExHl6VtfKQspomterpXGvTJ2A
68,20,Azure Fundamentals complete Training in telugu,https://www.youtube.com/watch?v=No_Q4IzBosg,8 months ago,272581.0,5:34:35,... Courses by PaddyMaddy AZ-900 Full course 10+ Hours - Exam AZ-900: Microsoft Azure Fundamentals 10 hours 45 Mins Part 1¬†...,,Paddy Maddy,https://www.youtube.com/channel/UClNOBXkearuQ3lPgmHmpBDw,,https://yt3.ggpht.com/ytc/AKedOLSklPYe1N6pK0KdCbtrQ_Xz_rmrTO4Sq3ECpS5W=s68-c-k-c0x00ffffff-no-rj,https://i.ytimg.com/vi/No_Q4IzBosg/hq720.jpg?sqp=-oaymwEcCOgCEMoBSFXyq4qpAw4IARUAAIhCGAFwAcABBg==&rs=AOn4CLDq4txIE61OqWSSXt7908Ie5HC9_w,
69,22,Microsoft vs Amazon: The Cloud War (AWS vs Azure),https://www.youtube.com/watch?v=VKM39ao4Ppk,1 year ago,48943.0,9:55,[Microsoft vs Amazon: The Cloud War] There's never been a better time to be in the cloud business‚Äîeven if you're not Amazon.,['CC'],Business Basics,https://www.youtube.com/channel/UCfWNZIJkm268rLO_yeRlcww,True,https://yt3.ggpht.com/ytc/AKedOLRayCyays5i4yrgR6r1NWdV4Vq5m923G17UQB6ceA=s68-c-k-c0x00ffffff-no-rj,https://i.ytimg.com/vi/VKM39ao4Ppk/hq720.jpg?sqp=-oaymwEcCOgCEMoBSFXyq4qpAw4IARUAAIhCGAFwAcABBg==&rs=AOn4CLDQGpDDZyIDfS_kjHl0_qgKXdf1PQ,https://i.ytimg.com/an_webp/VKM39ao4Ppk/mqdefault_6s.webp?du=3000&sqp=CLPww4wG&rs=AOn4CLBlWy--tOmwpw6ADrGMK8OClfogww
70,23,What IS Microsoft Azure?,https://www.youtube.com/watch?v=_x1V2ny8FWM,3 months ago,7720.0,28:48,My answer to a fundamental question and how I explain it. Whiteboard¬†...,,John Savill's Technical Training,https://www.youtube.com/user/NTFAQGuy,,https://yt3.ggpht.com/GBN_y-OJKJCsBctY-NR26cBZQ6lE4lF280rvncZF-2DamXjGyXJVGKBgzbJAwAxUFE0qygUm=s68-c-k-c0x00ffffff-no-rj,https://i.ytimg.com/vi/_x1V2ny8FWM/hqdefault.jpg?sqp=-oaymwEcCOADEI4CSFXyq4qpAw4IARUAAIhCGAFwAcABBg==&rs=AOn4CLDW1jaSbUKQ2H6aJnDzznQc5IO37Q,
71,24,1 Hour Introduction to Azure - For Absolute Beginners,https://www.youtube.com/watch?v=_TUaTNc8czU,1 year ago,19648.0,54:24,This video was taken from my AZ-300/AZ-303 course on Azure. But can apply to anyone! This is my introduction to Azure. A basic¬†...,,Scott Duffy @ GetCloudSkills,https://www.youtube.com/channel/UCwDGcuS41uVFS_2iDHL0h-A,,https://yt3.ggpht.com/c4wzYZKhV5ASi7wzuJbE9DDGWfVIC1xhx2UwK8IG2I8Hsr6RYuacrV10ZBwUQj4WoLq9hWZV=s68-c-k-c0x00ffffff-no-rj,https://i.ytimg.com/vi/_TUaTNc8czU/hq720.jpg?sqp=-oaymwEcCOgCEMoBSFXyq4qpAw4IARUAAIhCGAFwAcABBg==&rs=AOn4CLCP7_PWDD74j7gaVY5q4oz-nBhPoA,https://i.ytimg.com/an_webp/_TUaTNc8czU/mqdefault_6s.webp?du=3000&sqp=CIDWw4wG&rs=AOn4CLA5caKA49ZJVgT9iGDMXMvR8C5C4g
72,25,Microsoft Azure Weekly Update - 7th November 2021 - IGNITE FALL 2021 Edition,https://www.youtube.com/watch?v=U9mJUyOihUc,7 days ago,7372.0,1:03:45,This week's HUGE bag of Microsoft Azure updates and new features. Includes all the key announcements from Ignite!,,John Savill's Technical Training,https://www.youtube.com/user/NTFAQGuy,,https://yt3.ggpht.com/GBN_y-OJKJCsBctY-NR26cBZQ6lE4lF280rvncZF-2DamXjGyXJVGKBgzbJAwAxUFE0qygUm=s68-c-k-c0x00ffffff-no-rj,https://i.ytimg.com/vi/U9mJUyOihUc/hq720.jpg?sqp=-oaymwEcCOgCEMoBSFXyq4qpAw4IARUAAIhCGAFwAcABBg==&rs=AOn4CLAehBoOIsUpjzw4l7VO_sjqEU7VNQ,https://i.ytimg.com/an_webp/U9mJUyOihUc/mqdefault_6s.webp?du=3000&sqp=CKq8w4wG&rs=AOn4CLCAeQsaashheMCv8IWRZK68ZykCLg
73,2,What is AWS? | Amazon Web Services,https://www.youtube.com/watch?v=a9__D53WsUs,1 year ago,528666.0,3:12,"Explore how millions of customers‚Äîincluding the fastest-growing startups, largest enterprises, and leading government¬†...",['CC'],Amazon Web Services,https://www.youtube.com/user/AmazonWebServices,True,https://yt3.ggpht.com/ytc/AKedOLQP0vNXjkoKrCAYvWyOm9vEhDuBNytjbpEYi1ugD7w=s68-c-k-c0x00ffffff-no-rj,https://i.ytimg.com/vi/a9__D53WsUs/hq720.jpg?sqp=-oaymwEcCOgCEMoBSFXyq4qpAw4IARUAAIhCGAFwAcABBg==&rs=AOn4CLB6-xeRsNKmT7IV8516RLAvTVdyRQ,https://i.ytimg.com/an_webp/a9__D53WsUs/mqdefault_6s.webp?du=3000&sqp=CMrqw4wG&rs=AOn4CLCLNubtmKZX0KXe6IxKgPlirbn9_Q
74,3,AWS Basics for Beginners - Full Course,https://www.youtube.com/watch?v=ulprqHHWlng,8 months ago,746856.0,5:27:21,There are lots of hands-on exercises using an AWS free tier account to give you practical experience with Amazon Web Services.,,freeCodeCamp.org,https://www.youtube.com/channel/UC8butISFwT-Wl7EV0hUK0BQ,True,https://yt3.ggpht.com/ytc/AKedOLTtJvQ1Vfew91vemeLaLdhjOwGx3tTBLlreK_QUyA=s68-c-k-c0x00ffffff-no-rj,https://i.ytimg.com/vi/ulprqHHWlng/hq720.jpg?sqp=-oaymwEcCOgCEMoBSFXyq4qpAw4IARUAAIhCGAFwAcABBg==&rs=AOn4CLDX-egklbFFr4oTGAYGBEe9Z2Z5ww,https://i.ytimg.com/an_webp/ulprqHHWlng/mqdefault_6s.webp?du=3000&sqp=CPDKw4wG&rs=AOn4CLBzW04id9lQdnFWuYJkQ9kTw2v9dw
75,4,AWS In 10 Minutes | AWS Tutorial For Beginners | AWS Training Video | AWS Tutorial | Simplilearn,https://www.youtube.com/watch?v=r4YIdn2eTm4,4 years ago,1549373.0,9:12,Below are the topics covered in this AWS Tutorial((Amazon web services tutorial) -( 00:29 ) What is AWS(Amazon web services)¬†...,,Simplilearn,https://www.youtube.com/user/Simplilearn,True,https://yt3.ggpht.com/ytc/AKedOLTaNnIZrEVNHk-OgfTRlO1n2aeAZ657f5FrG-5EaA=s68-c-k-c0x00ffffff-no-rj,https://i.ytimg.com/vi/r4YIdn2eTm4/hq720.jpg?sqp=-oaymwEcCOgCEMoBSFXyq4qpAw4IARUAAIhCGAFwAcABBg==&rs=AOn4CLAaFMcvw0YBNZdMGqKg9OKAFd7xKg,https://i.ytimg.com/an_webp/r4YIdn2eTm4/mqdefault_6s.webp?du=3000&sqp=CIjjw4wG&rs=AOn4CLA_W5O4TR4O4seQxgb_Hrk63n2p1Q
76,5,AWS In 5 Minutes | What Is AWS? | AWS Tutorial For Beginners | AWS Training | Simplilearn,https://www.youtube.com/watch?v=3XFODda6YXo,1 year ago,196830.0,5:30,"So without further ado, let's jump right into this AWS Training and start learning AWS(Amazon web services)! Don't forget to take¬†...",,Simplilearn,https://www.youtube.com/user/Simplilearn,True,https://yt3.ggpht.com/ytc/AKedOLTaNnIZrEVNHk-OgfTRlO1n2aeAZ657f5FrG-5EaA=s68-c-k-c0x00ffffff-no-rj,https://i.ytimg.com/vi/3XFODda6YXo/hq720.jpg?sqp=-oaymwEcCOgCEMoBSFXyq4qpAw4IARUAAIhCGAFwAcABBg==&rs=AOn4CLBOAwmf3EGzgop3bC_y93-81Z0DCg,https://i.ytimg.com/an_webp/3XFODda6YXo/mqdefault_6s.webp?du=3000&sqp=CPzcw4wG&rs=AOn4CLDgG9ICGy2T5y-lMCr7mM1YTDs6Pg
77,6,Introduction to AWS Services,https://www.youtube.com/watch?v=Z3SYDTMP3ME,2 years ago,1097314.0,38:54,"If you find our videos useful and wish to support our channel then you can use ""Thanks"" button to extend your support. About this¬†...",['CC'],AWS Training Center,https://www.youtube.com/channel/UC1Yf7IBfhSNFTIyb7v83o_g,,https://yt3.ggpht.com/ytc/AKedOLRpQgMKNRR60zu2f3n81EbodbS14S_ceiFy2FZfxg=s68-c-k-c0x00ffffff-no-rj,https://i.ytimg.com/vi/Z3SYDTMP3ME/hqdefault.jpg?sqp=-oaymwEcCOADEI4CSFXyq4qpAw4IARUAAIhCGAFwAcABBg==&rs=AOn4CLAaMXKSNMS7kr07H4qA2KSh8Vendg,
78,7,you need to learn AWS RIGHT NOW!! (Amazon Web Services),https://www.youtube.com/watch?v=bgPuPSPZe2U,1 year ago,450332.0,7:38,"You need to learn AWS RIGHT NOW! Amazon Web Services, the cloud, is one of the hottest skills in IT right now. As more¬†...",,NetworkChuck,https://www.youtube.com/user/NetworkChuck,True,https://yt3.ggpht.com/ytc/AKedOLTHjL08GyIUwy_6DxA3GtUzyPU1aOs2CwgNtuRJ4A=s68-c-k-c0x00ffffff-no-rj,https://i.ytimg.com/vi/bgPuPSPZe2U/hq720.jpg?sqp=-oaymwEcCOgCEMoBSFXyq4qpAw4IARUAAIhCGAFwAcABBg==&rs=AOn4CLBHJfjIGMzMeGfL-BcDw5y5e-rkZA,https://i.ytimg.com/an_webp/bgPuPSPZe2U/mqdefault_6s.webp?du=3000&sqp=CNTqw4wG&rs=AOn4CLDbgS8_9JkT4t6xMRi6vughIsT9aQ
79,8,What is Cloud Computing? | Amazon Web Services,https://www.youtube.com/watch?v=mxT233EdY5c,3 months ago,44500.0,3:12,"Instead of buying, owning, and maintaining physical data centers and servers, you can access a wide range of technology¬†...",['CC'],Amazon Web Services,https://www.youtube.com/user/AmazonWebServices,True,https://yt3.ggpht.com/ytc/AKedOLQP0vNXjkoKrCAYvWyOm9vEhDuBNytjbpEYi1ugD7w=s68-c-k-c0x00ffffff-no-rj,https://i.ytimg.com/vi/mxT233EdY5c/hq720.jpg?sqp=-oaymwEcCOgCEMoBSFXyq4qpAw4IARUAAIhCGAFwAcABBg==&rs=AOn4CLConKl02UKXWtmHadPJZcXGf87LEA,https://i.ytimg.com/an_webp/mxT233EdY5c/mqdefault_6s.webp?du=3000&sqp=COi9w4wG&rs=AOn4CLCsfMR2-a0a8ZJUU5bqF_9gb-jCzg
80,9,Top 50+ AWS Services Explained in 10 Minutes,https://www.youtube.com/watch?v=JIbIYCM48to,4 months ago,352259.0,11:46,Amazon Web Services (AWS) is the world's largest and most complex cloud with over 200 unique services. Learn about the top 50¬†...,['4K'],Fireship,https://www.youtube.com/channel/UCsBjURrPoezykLs9EqgamOA,True,https://yt3.ggpht.com/ytc/AKedOLTcIl6kKt3lEPJEySUf_hpHiKDKiFeo9eWPReLysQ=s68-c-k-c0x00ffffff-no-rj,https://i.ytimg.com/vi/JIbIYCM48to/hq720.jpg?sqp=-oaymwEcCOgCEMoBSFXyq4qpAw4IARUAAIhCGAFwAcABBg==&rs=AOn4CLBy2kNnu3NBwl5irdoFfcIwJdvSow,https://i.ytimg.com/an_webp/JIbIYCM48to/mqdefault_6s.webp?du=3000&sqp=CJLUw4wG&rs=AOn4CLAAFMbBrZ-Rb6zi5WMy3gTIiSWEsw
81,10,How Amazon Uses Explosive-Resistant Devices To Transfer Data To AWS,https://www.youtube.com/watch?v=H3_ZqnqLyVo,2 years ago,2486823.0,13:48,Demand for cloud computing from providers like Amazon Web Services continues to rise from both companies and consumers¬†...,['CC'],CNBC,https://www.youtube.com/user/cnbc,True,https://yt3.ggpht.com/ytc/AKedOLQrhA2lTj2e-5xmvnHzDhl3XgYj6afl7yoY49GFSRg=s68-c-k-c0x00ffffff-no-rj,https://i.ytimg.com/vi/H3_ZqnqLyVo/hq720.jpg?sqp=-oaymwEcCOgCEMoBSFXyq4qpAw4IARUAAIhCGAFwAcABBg==&rs=AOn4CLAAadb-S4bumF3bK_oX4IcNU3tKGA,https://i.ytimg.com/an_webp/H3_ZqnqLyVo/mqdefault_6s.webp?du=3000&sqp=CMTFw4wG&rs=AOn4CLCGHE-Jamr_CV9DwOc2b_GTVuIW0g
82,15,AWS Certified Cloud Practitioner Training 2020 - Full Course,https://www.youtube.com/watch?v=3hLmDS179YE,2 years ago,2213914.0,3:58:01,This course will help you become an AWS Certified Cloud Practitioner. You will get a complete understanding of the AWS Cloud¬†...,['CC'],freeCodeCamp.org,https://www.youtube.com/channel/UC8butISFwT-Wl7EV0hUK0BQ,True,https://yt3.ggpht.com/ytc/AKedOLTtJvQ1Vfew91vemeLaLdhjOwGx3tTBLlreK_QUyA=s68-c-k-c0x00ffffff-no-rj,https://i.ytimg.com/vi/3hLmDS179YE/hq720.jpg?sqp=-oaymwEcCOgCEMoBSFXyq4qpAw4IARUAAIhCGAFwAcABBg==&rs=AOn4CLAdSgkVKTx_mSFy2NNFL2i6bBedaw,https://i.ytimg.com/an_webp/3hLmDS179YE/mqdefault_6s.webp?du=3000&sqp=CITGw4wG&rs=AOn4CLDNS-MC7BRWRT9aMz2IJuxDnDBZyA
83,16,Inside Amazon's Massive Data Center,https://www.youtube.com/watch?v=q6WlzHLxNKI,7 months ago,520080.0,9:32,"Amazon Web Services is an unrivalled colossus of the internet age, providing the computational horsepower underpinning¬†...",['CC'],Tech Vision,https://www.youtube.com/channel/UCHAK6CyegY22Zj2GWrcaIxg,True,https://yt3.ggpht.com/DrwjaVyutu-M_TkbhiagVsf1YLxW636SVA8HgquZVrs5QplfgHob1cUl6X_hE49QLJj4j-S7pA=s68-c-k-c0x00ffffff-no-rj,https://i.ytimg.com/vi/q6WlzHLxNKI/hqdefault.jpg?sqp=-oaymwEcCOADEI4CSFXyq4qpAw4IARUAAIhCGAFwAcABBg==&rs=AOn4CLC-wC6yWs5KF9Y6Wt0QjPtdq9Iknw,https://i.ytimg.com/an_webp/q6WlzHLxNKI/mqdefault_6s.webp?du=3000&sqp=CMLMw4wG&rs=AOn4CLD0PTrTRjDt60rnsTRBmgtE-OZL5w
84,19,Getting Started with AWS | Amazon Web Services BASICS,https://www.youtube.com/watch?v=ubCNZRNjhyo,4 years ago,783692.0,26:52,---------- Example Project (don't forget to unzip + rezip!): https://github.com/academind/aws-first-node-app Some useful AWS¬†...,['CC'],Academind,https://www.youtube.com/channel/UCSJbGtTlrDami-tDGPUV9-w,True,https://yt3.ggpht.com/ytc/AKedOLTM6bGgJWtayEJrZHApYyJSaBqWLkMnXixAVvc85Q=s68-c-k-c0x00ffffff-no-rj,https://i.ytimg.com/vi/ubCNZRNjhyo/hq720.jpg?sqp=-oaymwEcCOgCEMoBSFXyq4qpAw4IARUAAIhCGAFwAcABBg==&rs=AOn4CLD5pq4orBpnsvhf5TY9R74N4eGr7g,https://i.ytimg.com/an_webp/ubCNZRNjhyo/mqdefault_6s.webp?du=3000&sqp=CKq8w4wG&rs=AOn4CLD_g7_QSMn-ZJrMfw6DYC62V82ZAQ
85,20,"Meet Chara, AWS Solutions Architect | Amazon Web Services",https://www.youtube.com/watch?v=AZQLtiLJxiw,1 day ago,6301.0,1:49,The Solutions Architect team at AWS is responsible for helping customers successfully implement cloud technologies.Are you¬†...,['New'],Amazon Web Services,https://www.youtube.com/user/AmazonWebServices,True,https://yt3.ggpht.com/ytc/AKedOLQP0vNXjkoKrCAYvWyOm9vEhDuBNytjbpEYi1ugD7w=s68-c-k-c0x00ffffff-no-rj,https://i.ytimg.com/vi/AZQLtiLJxiw/hq720.jpg?sqp=-oaymwEcCOgCEMoBSFXyq4qpAw4IARUAAIhCGAFwAcABBg==&rs=AOn4CLBw4AVbnYSmUXm1Tt1EWMcCRgroXg,https://i.ytimg.com/an_webp/AZQLtiLJxiw/mqdefault_6s.webp?du=3000&sqp=CKDFw4wG&rs=AOn4CLBYN5UFRX7gyWd9RipKKt9tcC3yaw
86,21,AWS Tutorial For Beginners | AWS Full Course - Learn AWS In 10 Hours | AWS Training | Edureka,https://www.youtube.com/watch?v=k1RI5locZE4,2 years ago,2000765.0,9:28:40,"This AWS tutorial will help you learn various AWS services like AWS EC2, AWS S3, AWS Lambda, AWS Elastic Beanstalk, AWS¬†...",['CC'],edureka!,https://www.youtube.com/user/edurekaIN,True,https://yt3.ggpht.com/ytc/AKedOLTyvoU_YW3YmDgIXlJ8JpzFnNoZPVvQk9xFxfMkzQ=s68-c-k-c0x00ffffff-no-rj,https://i.ytimg.com/vi/k1RI5locZE4/hq720.jpg?sqp=-oaymwEcCOgCEMoBSFXyq4qpAw4IARUAAIhCGAFwAcABBg==&rs=AOn4CLCJaI0DVSwiyV6HLqClZexr28p9RQ,https://i.ytimg.com/an_webp/k1RI5locZE4/mqdefault_6s.webp?du=3000&sqp=CMTFw4wG&rs=AOn4CLDNKUge6cKyrq53NPhPbVcRvNbmKA
87,22,What's it like to work at Amazon Web Services? Meet our Cloud Support Engineers.,https://www.youtube.com/watch?v=GC3bWcFFZTo,3 years ago,131316.0,3:23,Want to be part of the team behind the world's most comprehensive and broadly adopted cloud platform? Go to Amazon Jobs to¬†...,,Amazon Web Services,https://www.youtube.com/user/AmazonWebServices,True,https://yt3.ggpht.com/ytc/AKedOLQP0vNXjkoKrCAYvWyOm9vEhDuBNytjbpEYi1ugD7w=s68-c-k-c0x00ffffff-no-rj,https://i.ytimg.com/vi/GC3bWcFFZTo/hq720.jpg?sqp=-oaymwEcCOgCEMoBSFXyq4qpAw4IARUAAIhCGAFwAcABBg==&rs=AOn4CLAGYYMR2CliBjuU6-QbIAywtkIUDw,https://i.ytimg.com/an_webp/GC3bWcFFZTo/mqdefault_6s.webp?du=3000&sqp=CPT1w4wG&rs=AOn4CLCL17yxpZGNBCHmBwzJs1TID3Gshg
88,23,The Most Important AWS Core Services That You NEED To Know About!,https://www.youtube.com/watch?v=B08iQQhXG1Y,1 year ago,99007.0,18:09,"In this video, I explain to you the core AWS services through an easy to follow example. We explore services such as Amazon S3,¬†...",,Be A Better Dev,https://www.youtube.com/channel/UCraiFqWi0qSIxXxXN4IHFBQ,,https://yt3.ggpht.com/ytc/AKedOLRHbSUC1s2eN9eusDAXirSm9qYg2slYcqMi3eqAVw=s68-c-k-c0x00ffffff-no-rj,https://i.ytimg.com/vi/B08iQQhXG1Y/hq720.jpg?sqp=-oaymwEcCOgCEMoBSFXyq4qpAw4IARUAAIhCGAFwAcABBg==&rs=AOn4CLBy44qmoE7Dugf7nCVhu4dDNK1mbA,
89,25,New Amazon EC2 G5 Instances | Amazon Web Services,https://www.youtube.com/watch?v=zz38lS3gh_E,2 days ago,8181.0,1:21,New Amazon EC2 G5 instances powered by NVIDIA A10G Tensor Core GPUs deliver high performance for graphics intensive¬†...,['New'],Amazon Web Services,https://www.youtube.com/user/AmazonWebServices,True,https://yt3.ggpht.com/ytc/AKedOLQP0vNXjkoKrCAYvWyOm9vEhDuBNytjbpEYi1ugD7w=s68-c-k-c0x00ffffff-no-rj,https://i.ytimg.com/vi/zz38lS3gh_E/hq720.jpg?sqp=-oaymwEcCOgCEMoBSFXyq4qpAw4IARUAAIhCGAFwAcABBg==&rs=AOn4CLDBc5hEz9n3Pp7Zj86AVE8yXUGgTw,https://i.ytimg.com/an_webp/zz38lS3gh_E/mqdefault_6s.webp?du=3000&sqp=CJjbw4wG&rs=AOn4CLDEc4xpOaex-c6QFZOYbFkA7muG3g
90,26,AWS re:Invent 2020 - Keynote with Andy Jassy,https://www.youtube.com/watch?v=xZ3k7Fd6_eU,11 months ago,1557963.0,2:52:04,"Andy Jassy, CEO of Amazon Web Services, delivers his AWS re:Invent 2020 keynote, featuring the latest news and¬†...",['CC'],Amazon Web Services,https://www.youtube.com/user/AmazonWebServices,True,https://yt3.ggpht.com/ytc/AKedOLQP0vNXjkoKrCAYvWyOm9vEhDuBNytjbpEYi1ugD7w=s68-c-k-c0x00ffffff-no-rj,https://i.ytimg.com/vi/xZ3k7Fd6_eU/hq720.jpg?sqp=-oaymwEcCOgCEMoBSFXyq4qpAw4IARUAAIhCGAFwAcABBg==&rs=AOn4CLAw7fB_P6V_NojDnKH5eZwDRP6Xlw,https://i.ytimg.com/an_webp/xZ3k7Fd6_eU/mqdefault_6s.webp?du=3000&sqp=CLnKw4wG&rs=AOn4CLC2P2wiD7JqJ1g1FgyOBrymwYCpLg
91,3,R Programming Tutorial - Learn the Basics of Statistical Computing,https://www.youtube.com/watch?v=_V8eKsto3Ug,2 years ago,2040777.0,2:10:39,"Learn the R programming language in this tutorial course. This is a hands-on overview of the statistical programming language R,¬†...",['CC'],freeCodeCamp.org,https://www.youtube.com/channel/UC8butISFwT-Wl7EV0hUK0BQ,True,https://yt3.ggpht.com/ytc/AKedOLTtJvQ1Vfew91vemeLaLdhjOwGx3tTBLlreK_QUyA=s68-c-k-c0x00ffffff-no-rj,https://i.ytimg.com/vi/_V8eKsto3Ug/hq720.jpg?sqp=-oaymwEcCOgCEMoBSFXyq4qpAw4IARUAAIhCGAFwAcABBg==&rs=AOn4CLBX4efzhvNMbMlWDbt8SJEiic8gzg,https://i.ytimg.com/an_webp/_V8eKsto3Ug/mqdefault_6s.webp?du=3000&sqp=CKjsw4wG&rs=AOn4CLBgdvNMSjx6M-r-A4Q1L8f9huKedg
92,4,R Programming for Beginners | Complete Tutorial | R & RStudio,https://www.youtube.com/watch?v=BvKETZ6kr9Q,1 year ago,277254.0,49:49,R programming tutorial with everything you need to know to start coding in RStats and RStudio. All the basics and fundamentals¬†...,,R Programming - DDS,https://www.youtube.com/channel/UCxdCZGywhd2R5BiOP8vOgqg,,https://yt3.ggpht.com/ytc/AKedOLTb2Fu3WH5CAv07Y4qOIb7dp66dcj0XJ6gvMnbc=s68-c-k-c0x00ffffff-no-rj,https://i.ytimg.com/vi/BvKETZ6kr9Q/hq720.jpg?sqp=-oaymwEcCOgCEMoBSFXyq4qpAw4IARUAAIhCGAFwAcABBg==&rs=AOn4CLBy10_IwDiAfQzywZ0N_vbfC8noKg,https://i.ytimg.com/an_webp/BvKETZ6kr9Q/mqdefault_6s.webp?du=3000&sqp=CPzNw4wG&rs=AOn4CLDvnX2OdBO5TRbFyYagtKcWUw8LpQ
93,5,R programming for beginners ‚Äì statistic with R (t-test and linear regression) and dplyr and ggplot,https://www.youtube.com/watch?v=ANMuuq502rE,4 years ago,1045353.0,15:49,This channel focusses on global health and public health - so please consider subscribing if you're someone wanting to make the¬†...,,Global Health with Greg Martin,https://www.youtube.com/user/drgregmartin,True,https://yt3.ggpht.com/ytc/AKedOLTbY9noQaM3fuBQcH8lYQ8ZwwzncnodTHcBcGg6Bg=s68-c-k-c0x00ffffff-no-rj,https://i.ytimg.com/vi/ANMuuq502rE/hq720.jpg?sqp=-oaymwEcCOgCEMoBSFXyq4qpAw4IARUAAIhCGAFwAcABBg==&rs=AOn4CLBYVIllJM0jxqrtasd6aPATXGT1SQ,https://i.ytimg.com/an_webp/ANMuuq502rE/mqdefault_6s.webp?du=3000&sqp=CMbcw4wG&rs=AOn4CLC7gYsjT3j89mSoIKKJQ1h5IHi0PQ
94,6,R programming for beginners -  Why you should use R,https://www.youtube.com/watch?v=9kYUGMg_14s,2 years ago,305518.0,3:57,"R programming is typically used to analyze data and do statistical analysis. In this video, I talk about why R is a better option than¬†...",,R Programming 101,https://www.youtube.com/channel/UCfJyQ3P2k_SuqfxVdqIEQNw,,https://yt3.ggpht.com/ytc/AKedOLTpd1u2jq7PLiYpiWQWPiO2GWtxtJGONjS3e5tz=s68-c-k-c0x00ffffff-no-rj,https://i.ytimg.com/vi/9kYUGMg_14s/hq720.jpg?sqp=-oaymwEcCOgCEMoBSFXyq4qpAw4IARUAAIhCGAFwAcABBg==&rs=AOn4CLBniCJlUGUeBGY-eHrDNg4GHqBjcw,https://i.ytimg.com/an_webp/9kYUGMg_14s/mqdefault_6s.webp?du=3000&sqp=CJj3w4wG&rs=AOn4CLCUA53ph9z9mblekBYnm2m7ycCMeA
95,7,R Programming For Beginners | R Language Tutorial | R Tutorial For Beginners | Edureka,https://www.youtube.com/watch?v=fDRa82lxzaU,4 years ago,983963.0,1:10:56,1. Variables 2. Data types 3. Operators 4. Conditional Statements 5. Loops 6. Strings 7. Functions Check out our R Playlist:¬†...,,edureka!,https://www.youtube.com/user/edurekaIN,True,https://yt3.ggpht.com/ytc/AKedOLTyvoU_YW3YmDgIXlJ8JpzFnNoZPVvQk9xFxfMkzQ=s68-c-k-c0x00ffffff-no-rj,https://i.ytimg.com/vi/fDRa82lxzaU/hq720.jpg?sqp=-oaymwEcCOgCEMoBSFXyq4qpAw4IARUAAIhCGAFwAcABBg==&rs=AOn4CLDeZtyw7SftpG6Mjckm4FVt9yEM9g,https://i.ytimg.com/an_webp/fDRa82lxzaU/mqdefault_6s.webp?du=3000&sqp=CM3pw4wG&rs=AOn4CLCJprWkPAvDyH8UEAAGtYEpTaplKQ
96,8,R Programming Full Course In 7 Hours | R Programming For Beginners | R Tutorial | Simplilearn,https://www.youtube.com/watch?v=KlsYCECWEWE,1 year ago,206231.0,6:49:39,This R Programming Full Course Video Covers the following Topics: 00:00:00 What is R Programming 00:11:48 Variables and¬†...,,Simplilearn,https://www.youtube.com/user/Simplilearn,True,https://yt3.ggpht.com/ytc/AKedOLTaNnIZrEVNHk-OgfTRlO1n2aeAZ657f5FrG-5EaA=s68-c-k-c0x00ffffff-no-rj,https://i.ytimg.com/vi/KlsYCECWEWE/hq720.jpg?sqp=-oaymwEcCOgCEMoBSFXyq4qpAw4IARUAAIhCGAFwAcABBg==&rs=AOn4CLDsa-SFKCYIABrlz59iVqkAWmY6wQ,https://i.ytimg.com/an_webp/KlsYCECWEWE/mqdefault_6s.webp?du=3000&sqp=CO3Uw4wG&rs=AOn4CLClLWVMKxRGeInTZztVsOwK5g8Cdg
97,9,R Programming Crash Course,https://www.youtube.com/watch?v=ZYdXI1GteDE,1 year ago,45251.0,1:33:23,Learn the fundamentals of the R programming language Bryan Jenks YouTube Channel:¬†...,,Traversy Media,https://www.youtube.com/user/TechGuyWeb,True,https://yt3.ggpht.com/ytc/AKedOLSxHOOxxa9Af8Bfb2XMop3lm4tor9bViWiC-d5aaw=s68-c-k-c0x00ffffff-no-rj,https://i.ytimg.com/vi/ZYdXI1GteDE/hq720.jpg?sqp=-oaymwEcCOgCEMoBSFXyq4qpAw4IARUAAIhCGAFwAcABBg==&rs=AOn4CLAf6Lf2w_QUBJsHlbzpg1l9M8mogQ,https://i.ytimg.com/an_webp/ZYdXI1GteDE/mqdefault_6s.webp?du=3000&sqp=CO_Yw4wG&rs=AOn4CLB0k_RJzViw6EeF5GFlU7l_HecH4Q
98,10,R vs Python | Which is Better for Data Analysis?,https://www.youtube.com/watch?v=1gdKC5O0Pwc,8 months ago,66934.0,11:51,R and Python are the programming language of choice for most data analyst and scientists. Let's take a look at them and see¬†...,,Alex The Analyst,https://www.youtube.com/channel/UC7cs8q-gJRlGwj4A8OmCmXg,True,https://yt3.ggpht.com/ytc/AKedOLRv2w0F9QoCnR_5XvTekeAYEiUuFQW-u6yWN94h=s68-c-k-c0x00ffffff-no-rj,https://i.ytimg.com/vi/1gdKC5O0Pwc/hq720.jpg?sqp=-oaymwEcCOgCEMoBSFXyq4qpAw4IARUAAIhCGAFwAcABBg==&rs=AOn4CLDx0Wcx4atFLLXjH2TwgsgkiZPIyw,https://i.ytimg.com/an_webp/1gdKC5O0Pwc/mqdefault_6s.webp?du=3000&sqp=CJ7bw4wG&rs=AOn4CLAgRG63ke7thrWCLqvg4uYdKTvsUA
99,12,R Programming Tutorial,https://www.youtube.com/watch?v=s3FozVfd7q4,4 years ago,467580.0,1:23:42,MY UDEMY COURSES ARE 87.5% OFF TIL OCTOBER 12TH ‚ñª‚ñª Python Data Science Series for $19.99¬†...,,Derek Banas,https://www.youtube.com/user/derekbanas,True,https://yt3.ggpht.com/ytc/AKedOLRZJ5DFgSQzbLG4zSnAKlUu2XTZmTCA8DXmFTmGVQ=s68-c-k-c0x00ffffff-no-rj,https://i.ytimg.com/vi/s3FozVfd7q4/hq720.jpg?sqp=-oaymwEcCOgCEMoBSFXyq4qpAw4IARUAAIhCGAFwAcABBg==&rs=AOn4CLBoRnVawWjY3iSIQBp8KoAyYRWJjw,https://i.ytimg.com/an_webp/s3FozVfd7q4/mqdefault_6s.webp?du=3000&sqp=CKLlw4wG&rs=AOn4CLBwaPKMR_kcpIXCW_pkrjnOh6SH1g
100,17,Data Analytics for Beginners | Top 5 Must Know Tips for R Programming |,https://www.youtube.com/watch?v=VaA4N0JMvVw,2 years ago,12753.0,8:00,"If you're a Data Analytics beginner, then kickstart your R programming & data science/analytics career by learning these Top 5¬†...",,The Wiz Lo,https://www.youtube.com/channel/UCCukTmBoUPs_kBv_0uMdrkA,,https://yt3.ggpht.com/ytc/AKedOLQmzc7y7tOn6062T1OTAfa4zJG598jdZ42NiI7pfA=s68-c-k-c0x00ffffff-no-rj,https://i.ytimg.com/vi/VaA4N0JMvVw/hq720.jpg?sqp=-oaymwEcCOgCEMoBSFXyq4qpAw4IARUAAIhCGAFwAcABBg==&rs=AOn4CLClp6eAAKGAktqtSqqe0X3p1mpiOw,
101,18,R tutorial - The True Basics of R,https://www.youtube.com/watch?v=SWxoJqTqo08,5 years ago,390149.0,4:52,In this video you will understand the origins and applications of the R programming language Want to take the interactive coding¬†...,,DataCamp,https://www.youtube.com/channel/UC79Gv3mYp6zKiSwYemEik9A,,https://yt3.ggpht.com/ytc/AKedOLQoZGdTfR1N8g2ZmjRxvraABhRXYe20R8u9aikuFg=s68-c-k-c0x00ffffff-no-rj,https://i.ytimg.com/vi/SWxoJqTqo08/hq720.jpg?sqp=-oaymwEcCOgCEMoBSFXyq4qpAw4IARUAAIhCGAFwAcABBg==&rs=AOn4CLDJJsqTn_VW00yOyLpvy4No4zJ_CA,https://i.ytimg.com/an_webp/SWxoJqTqo08/mqdefault_6s.webp?du=3000&sqp=CPv2w4wG&rs=AOn4CLADTx_JzuFzdy9qK6yb8NhTk-ah2Q
102,19,ggplot for plots and graphs. An introduction to data visualization using R programming,https://www.youtube.com/watch?v=HPJn1CMvtmI,9 months ago,64229.0,26:51,Using ggplot and ggplot2 to create plots and graphs is easy. This video provides an easy to follow lesson on how to use R¬†...,,R Programming 101,https://www.youtube.com/channel/UCfJyQ3P2k_SuqfxVdqIEQNw,,https://yt3.ggpht.com/ytc/AKedOLTpd1u2jq7PLiYpiWQWPiO2GWtxtJGONjS3e5tz=s68-c-k-c0x00ffffff-no-rj,https://i.ytimg.com/vi/HPJn1CMvtmI/hq720.jpg?sqp=-oaymwEcCOgCEMoBSFXyq4qpAw4IARUAAIhCGAFwAcABBg==&rs=AOn4CLBJdzpzHqQHS6KSsedFTSurF9uSYg,
103,20,learning to code in R in 3 hours,https://www.youtube.com/watch?v=0h6p996FQRk,9 months ago,85403.0,11:22,R is an open source programming language designed for statistical computing. Here's my efforts at learning the basics (I have an¬†...,,PaigeY,https://www.youtube.com/channel/UCqVgG1Tu_23FnA2vPqC_igw,True,https://yt3.ggpht.com/ytc/AKedOLQxK8g9yS4d-nfp-7W9o28eIsDt9F5CjLD3JicF=s68-c-k-c0x00ffffff-no-rj,https://i.ytimg.com/vi/0h6p996FQRk/hq720.jpg?sqp=-oaymwEcCOgCEMoBSFXyq4qpAw4IARUAAIhCGAFwAcABBg==&rs=AOn4CLANgGBP5urqs-zvSvCHH3v1hV2XHg,https://i.ytimg.com/an_webp/0h6p996FQRk/mqdefault_6s.webp?du=3000&sqp=CPzWw4wG&rs=AOn4CLC1lVso-gXie84RITx6LXQSvAD8Jg
104,21,R advanced functions that will make your life easier,https://www.youtube.com/watch?v=aHiwr3-xJLM,1 year ago,4191.0,9:47,Download the source code in: https://github.com/mariocastro73/ML2020-2021/blob/master/scripts/advanced-useful-functions.R.,,Mario Castro,https://www.youtube.com/channel/UCKacOPkhUImP-pFWRo8wx6A,,https://yt3.ggpht.com/ytc/AKedOLQkSE6fsEOrVmnT_yMPxwq6FgQB100dv0HUlXWWLA=s68-c-k-c0x00ffffff-no-rj,https://i.ytimg.com/vi/aHiwr3-xJLM/hq720.jpg?sqp=-oaymwEcCOgCEMoBSFXyq4qpAw4IARUAAIhCGAFwAcABBg==&rs=AOn4CLABonMqwhZSEEz8wxAmp1wTAyAIIw,
105,22,R Tutorial For Beginners Part - 1 | R Programming For Beginners | R Language Tutorial | Simplilearn,https://www.youtube.com/watch?v=7NLPPFU0O3w,1 year ago,45721.0,3:16:53,The topics covered in this R tutorial video are: Introduction 00:00:00 What Is R Programming 00:00:15 Features of R 00:01:36 How¬†...,,Simplilearn,https://www.youtube.com/user/Simplilearn,True,https://yt3.ggpht.com/ytc/AKedOLTaNnIZrEVNHk-OgfTRlO1n2aeAZ657f5FrG-5EaA=s68-c-k-c0x00ffffff-no-rj,https://i.ytimg.com/vi/7NLPPFU0O3w/hq720.jpg?sqp=-oaymwEcCOgCEMoBSFXyq4qpAw4IARUAAIhCGAFwAcABBg==&rs=AOn4CLDRdLO3LusfOD-vdxCVULemhG1PBg,https://i.ytimg.com/an_webp/7NLPPFU0O3w/mqdefault_6s.webp?du=3000&sqp=CNjsw4wG&rs=AOn4CLAQknY3w6Whhtxyl3njNBayQ8pM0Q
106,24,"R programming for beginners. Manipulate data using the tidyverse: select, filter and mutate.",https://www.youtube.com/watch?v=nRtp7wSEtJA,2 years ago,66081.0,6:56,"Learn to manipulate data using the tidyverse package in R. This is part of the ""R programming for beginners"" series of videos.",,R Programming 101,https://www.youtube.com/channel/UCfJyQ3P2k_SuqfxVdqIEQNw,,https://yt3.ggpht.com/ytc/AKedOLTpd1u2jq7PLiYpiWQWPiO2GWtxtJGONjS3e5tz=s68-c-k-c0x00ffffff-no-rj,https://i.ytimg.com/vi/nRtp7wSEtJA/hq720.jpg?sqp=-oaymwEcCOgCEMoBSFXyq4qpAw4IARUAAIhCGAFwAcABBg==&rs=AOn4CLDMhyiEka0D32wdXJFto96r-GLilw,https://i.ytimg.com/an_webp/nRtp7wSEtJA/mqdefault_6s.webp?du=3000&sqp=CODrw4wG&rs=AOn4CLB1G02gxbq1OB-69ym7zWBqp8EARg
107,25,Getting started with R and RStudio,https://www.youtube.com/watch?v=lVKMsaWju8w,8 years ago,606304.0,14:38,"A review of R and RStudio, showing where to download them, and highlighting and demonstrating many of RStudio's capabilities¬†...",,How To R,https://www.youtube.com/channel/UCAeWj0GhZ94wuvOIYu1XVrg,,https://yt3.ggpht.com/ytc/AKedOLSISivJcUHyxeFt9SzwEvofDKiT0vxeYs1DdWXW=s68-c-k-c0x00ffffff-no-rj,https://i.ytimg.com/vi/lVKMsaWju8w/hq720.jpg?sqp=-oaymwEcCOgCEMoBSFXyq4qpAw4IARUAAIhCGAFwAcABBg==&rs=AOn4CLCyeN5J2yFHq9JSS_wTKJAoyEb2Pw,https://i.ytimg.com/an_webp/lVKMsaWju8w/mqdefault_6s.webp?du=3000&sqp=COTrw4wG&rs=AOn4CLCsICyM1ccbjeSKORkOTfwv0CxGHA
